2007-11-11,3027 X,3027 Y,3028 X,3028 Y,3029 X,3029 Y,3030 X,3030 Y,3031 X,3031 Y,3032 X,3032 Y,3033 X,3033 Y,3034 X,3034 Y,3035 X,3035 Y,3036 X,3036 Y
6:30,-,-,-,-,-,-,-,-,-,-,-,-,-,-,-,-,-,-,-,-
6:31,-,-,-,-,-,-,-,-,-,-,-,-,-,-,-,-,-,-,-,-
6:32,-,-,-,-,-,-,-,-,-,-,-,-,-,-,-,-,-,-,-,-
6:33,-,-,-,-,-,-,-,-,-,-,-,-,-,-,-,-,-,-,-,-
6:34,-,-,-,-,-,-,-,-,-,-,-,-,-,-,-,-,-,-,-,-
6:35,-,-,-,-,-,-,-,-,-,-,-,-,-,-,-,-,-,-,-,-
6:36,-,-,-,-,-,-,-,-,-,-,-,-,-,-,-,-,-,-,-,-
6:37,-,-,-,-,-,-,-,-,-,-,-,-,-,-,-,-,-,-,-,-
6:38,-,-,-,-,-,-,-,-,-,-,-,-,-,-,-,-,-,-,-,-
6:39,-,-,-,-,-,-,-,-,-,-,-,-,-,-,-,-,-,-,-,-
6:40,-,-,-,-,-,-,-,-,-,-,-,-,-,-,-,-,-,-,-,-
6:41,-,-,-,-,-,-,-,-,-,-,-,-,-,-,-,-,-,-,-,-
6:42,-,-,-,-,-,-,-,-,-,-,-,-,-,-,-,-,-,-,-,-
6:43,-,-,-,-,-,-,-,-,-,-,-,-,-,-,-,-,-,-,-,-
6:44,-,-,-,-,-,-,-,-,-,-,-,-,-,-,-,-,-,-,-,-
6:45,-,-,-,-,-,-,-,-,-,-,-,-,-,-,-,-,-,-,-,-
6:46,-,-,-,-,-,-,-,-,-,-,-,-,-,-,-,-,-,-,-,-
6:47,-,-,-,-,-,-,-,-,-,-,-,-,-,-,-,-,-,-,-,-
6:48,-,-,-,-,-,-,-,-,-,-,-,-,-,-,-,-,-,-,-,-
6:49,-,-,-,-,-,-,-,-,-,-,-,-,-,-,-,-,-,-,-,-
6:50,-,-,-,-,-,-,-,-,-,-,-,-,-,-,-,-,-,-,-,-
6:51,-,-,-,-,-,-,-,-,-,-,-,-,-,-,-,-,-,-,-,-
6:52,-,-,-,-,-,-,-,-,-,-,-,-,-,-,-,-,-,-,-,-
6:53,-,-,-,-,-,-,-,-,-,-,-,-,-,-,-,-,-,-,-,-
6:54,-,-,-,-,-,-,-,-,-,-,-,-,-,-,-,-,-,-,-,-
6:55,-,-,-,-,-,-,-,-,-,-,-,-,-,-,-,-,-,-,-,-
6:56,-,-,-,-,-,-,-,-,-,-,-,-,-,-,-,-,-,-,-,-
6:57,-,-,-,-,-,-,-,-,-,-,-,-,-,-,-,-,-,-,-,-
6:58,-,-,-,-,-,-,-,-,-,-,-,-,-,-,-,-,-,-,-,-
6:59,-,-,-,-,-,-,-,-,-,-,-,-,-,-,-,-,-,-,-,-
7:0,-,-,-,-,-,-,-,-,-,-,-,-,-,-,-,-,-,-,-,-
7:1,-,-,-,-,-,-,-,-,-,-,-,-,-,-,-,-,-,-,-,-
7:2,-,-,-,-,-,-,-,-,-,-,-,-,-,-,-,-,-,-,-,-
7:3,-,-,-,-,-,-,-,-,-,-,-,-,-,-,-,-,-,-,-,-
7:4,-,-,-,-,-,-,-,-,-,-,-,-,-,-,-,-,-,-,-,-
7:5,-,-,-,-,-,-,-,-,-,-,-,-,-,-,-,-,-,-,-,-
7:6,-,-,-,-,-,-,-,-,-,-,-,-,-,-,-,-,-,-,-,-
7:7,-,-,-,-,-,-,-,-,-,-,-,-,-,-,-,-,-,-,-,-
7:8,-,-,-,-,-,-,-,-,-,-,-,-,-,-,-,-,-,-,-,-
7:9,-,-,-,-,-,-,-,-,-,-,-,-,-,-,-,-,-,-,-,-
7:10,-,-,-,-,-,-,-,-,-,-,-,-,-,-,-,-,-,-,-,-
7:11,-,-,-,-,-,-,-,-,-,-,-,-,-,-,-,-,-,-,-,-
7:12,-,-,-,-,-,-,-,-,-,-,-,-,-,-,-,-,-,-,-,-
7:13,-,-,-,-,-,-,-,-,-,-,-,-,-,-,-,-,-,-,-,-
7:14,-,-,-,-,-,-,-,-,-,-,-,-,-,-,-,-,-,-,-,-
7:15,-,-,-,-,-,-,-,-,-,-,-,-,-,-,-,-,-,-,-,-
7:16,-,-,-,-,-,-,-,-,-,-,-,-,-,-,-,-,-,-,-,-
7:17,-,-,-,-,-,-,-,-,-,-,-,-,-,-,-,-,-,-,-,-
7:18,-,-,-,-,-,-,-,-,-,-,-,-,-,-,-,-,-,-,-,-
7:19,-,-,-,-,-,-,-,-,-,-,-,-,-,-,-,-,-,-,-,-
7:20,-,-,-,-,-,-,-,-,-,-,-,-,-,-,-,-,-,-,-,-
7:21,-,-,-,-,-,-,-,-,-,-,-,-,-,-,-,-,-,-,-,-
7:22,-,-,-,-,-,-,-,-,-,-,-,-,-,-,-,-,-,-,-,-
7:23,-,-,-,-,-,-,-,-,-,-,-,-,-,-,-,-,-,-,-,-
7:24,-,-,-,-,-,-,-,-,-,-,-,-,-,-,-,-,-,-,-,-
7:25,-,-,-,-,-,-,-,-,-,-,-,-,-,-,-,-,-,-,-,-
7:26,-,-,-,-,-,-,-,-,-,-,-,-,-,-,-,-,-,-,-,-
7:27,-,-,-,-,-,-,-,-,-,-,-,-,-,-,-,-,-,-,-,-
7:28,-,-,-,-,-,-,-,-,-,-,-,-,-,-,-,-,-,-,-,-
7:29,-,-,-,-,-,-,-,-,-,-,-,-,-,-,-,-,-,-,-,-
7:30,-,-,-,-,-,-,-,-,-,-,-,-,-,-,-,-,-,-,-,-
7:31,-,-,-,-,-,-,-,-,-,-,-,-,-,-,-,-,-,-,-,-
7:32,-,-,-,-,-,-,-,-,-,-,-,-,-,-,-,-,-,-,-,-
7:33,-,-,-,-,-,-,-,-,-,-,-,-,-,-,-,-,-,-,-,-
7:34,-,-,-,-,-,-,-,-,-,-,-,-,-,-,-,-,-,-,-,-
7:35,-,-,-,-,-,-,-,-,-,-,-,-,-,-,-,-,-,-,-,-
7:36,-,-,-,-,-,-,-,-,-,-,-,-,-,-,-,-,-,-,-,-
7:37,-,-,-,-,-,-,-,-,-,-,-,-,-,-,-,-,-,-,-,-
7:38,-,-,-,-,-,-,-,-,-,-,-,-,-,-,-,-,-,-,-,-
7:39,-,-,-,-,-,-,-,-,-,-,-,-,-,-,-,-,-,-,-,-
7:40,-,-,-,-,-,-,-,-,-,-,-,-,-,-,-,-,-,-,-,-
7:41,-,-,-,-,-,-,-,-,-,-,-,-,-,-,-,-,-,-,-,-
7:42,-,-,-,-,-,-,-,-,-,-,-,-,-,-,-,-,-,-,-,-
7:43,-,-,-,-,-,-,-,-,-,-,-,-,-,-,-,-,-,-,-,-
7:44,-,-,-,-,-,-,-,-,-,-,-,-,-,-,-,-,-,-,-,-
7:45,-,-,-,-,-,-,-,-,-,-,-,-,-,-,-,-,-,-,-,-
7:46,-,-,-,-,-,-,-,-,-,-,-,-,-,-,-,-,-,-,-,-
7:47,-,-,-,-,-,-,-,-,-,-,-,-,-,-,-,-,-,-,-,-
7:48,-,-,-,-,-,-,-,-,-,-,-,-,-,-,-,-,-,-,-,-
7:49,-,-,-,-,-,-,-,-,-,-,-,-,-,-,-,-,-,-,-,-
7:50,-,-,-,-,-,-,-,-,-,-,-,-,-,-,-,-,-,-,-,-
7:51,-,-,-,-,-,-,-,-,-,-,-,-,-,-,-,-,-,-,-,-
7:52,-,-,-,-,-,-,-,-,-,-,-,-,-,-,-,-,-,-,-,-
7:53,-,-,-,-,-,-,-,-,-,-,-,-,-,-,-,-,-,-,-,-
7:54,-,-,-,-,-,-,-,-,-,-,-,-,-,-,-,-,-,-,-,-
7:55,-,-,-,-,-,-,-,-,-,-,-,-,-,-,-,-,-,-,-,-
7:56,-,-,-,-,-,-,-,-,-,-,-,-,-,-,-,-,-,-,-,-
7:57,-,-,-,-,-,-,-,-,-,-,-,-,-,-,-,-,-,-,-,-
7:58,-,-,-,-,-,-,-,-,-,-,-,-,-,-,-,-,-,-,-,-
7:59,-,-,-,-,-,-,-,-,-,-,-,-,-,-,-,-,-,-,-,-
8:0,-,-,-,-,-,-,-,-,-,-,-,-,-,-,-,-,-,-,-,-
8:1,-,-,-,-,-,-,-,-,-,-,-,-,-,-,-,-,-,-,-,-
8:2,-,-,-,-,-,-,-,-,-,-,-,-,-,-,-,-,-,-,-,-
8:3,-,-,-,-,-,-,-,-,-,-,-,-,-,-,-,-,-,-,-,-
8:4,-,-,-,-,-,-,-,-,-,-,-,-,-,-,-,-,-,-,-,-
8:5,-,-,-,-,-,-,-,-,-,-,-,-,-,-,-,-,-,-,-,-
8:6,-,-,-,-,-,-,-,-,-,-,-,-,-,-,-,-,-,-,-,-
8:7,-,-,-,-,-,-,-,-,-,-,-,-,-,-,-,-,-,-,-,-
8:8,-,-,-,-,-,-,-,-,-,-,-,-,-,-,-,-,-,-,-,-
8:9,-,-,-,-,-,-,-,-,-,-,-,-,-,-,-,-,-,-,-,-
8:10,-,-,-,-,-,-,-,-,-,-,-,-,-,-,-,-,-,-,-,-
8:11,-,-,-,-,-,-,-,-,-,-,-,-,-,-,-,-,-,-,-,-
8:12,-,-,-,-,-,-,-,-,-,-,-,-,-,-,-,-,-,-,-,-
8:13,-,-,-,-,-,-,-,-,-,-,-,-,-,-,-,-,-,-,-,-
8:14,0.0,-0.0,-,-,-,-,-,-,-,-,-,-,-,-,-,-,-,-,-,-
8:15,0.0,-1.1095744E27,-,-,-,-,-,-,-,-,-,-,-,-,-,-,-,-,-,-
8:16,0.0,-0.0,-,-,-,-,-,-,-,-,-,-,-,-,-,-,-,-,-,-
8:17,0.0,-0.0,-,-,-,-,-,-,-,-,-,-,-,-,-,-,-,-,-,-
8:18,0.0,-0.0,-,-,-,-,-,-,-,-,-,-,-,-,-,-,-,-,-,-
8:19,0.0,-0.0,-,-,-,-,-,-,-,-,-,-,-,-,-,-,-,-,-,-
8:20,0.0,-0.0,-,-,-,-,-,-,-,-,-,-,-,-,-,-,-,-,-,-
8:21,42.393604,-72.533195,-,-,-,-,-,-,-,-,-,-,-,-,-,-,-,-,-,-
8:22,42.393585,-72.53318,-,-,-,-,-,-,-,-,-,-,-,-,-,-,-,-,-,-
8:23,42.393585,-72.533134,-,-,-,-,-,-,-,-,-,-,-,-,-,-,-,-,-,-
8:24,42.392723,-72.53384,-,-,-,-,-,-,-,-,-,-,-,-,-,-,-,-,-,-
8:25,42.38743,-72.53172,-,-,-,-,-,-,-,-,-,-,-,-,-,-,-,-,-,-
8:26,42.383602,-72.53208,-,-,-,-,-,-,-,-,-,-,-,-,-,-,-,-,-,-
8:27,42.38137,-72.53394,-,-,-,-,-,-,-,-,-,-,-,-,-,-,-,-,-,-
8:28,42.37883,-72.53551,-,-,-,-,-,-,-,-,-,-,-,-,-,-,-,-,-,-
8:29,42.37812,-72.53693,-,-,-,-,-,-,-,-,-,-,-,-,-,-,-,-,-,-
8:30,42.37807,-72.536194,-,-,-,-,-,-,-,-,-,-,-,-,-,-,-,-,-,-
8:31,42.378067,-72.53618,-,-,-,-,-,-,-,-,-,-,-,-,-,-,-,-,-,-
8:32,42.378075,-72.53621,-,-,-,-,-,-,-,-,-,-,-,-,-,-,-,-,-,-
8:33,42.378242,-72.5361,-,-,-,-,-,-,-,-,-,-,-,-,-,-,-,-,-,-
8:34,-,-,-,-,-,-,-,-,-,-,-,-,-,-,-,-,-,-,-,-
8:35,-,-,-,-,-,-,-,-,-,-,-,-,-,-,-,-,-,-,-,-
8:36,-,-,-,-,-,-,-,-,-,-,-,-,-,-,-,-,-,-,-,-
8:37,-,-,-,-,-,-,-,-,-,-,-,-,-,-,-,-,-,-,-,-
8:38,-,-,-,-,-,-,-,-,-,-,-,-,-,-,-,-,-,-,-,-
8:39,-,-,-,-,-,-,-,-,-,-,-,-,-,-,-,-,-,-,-,-
8:40,-,-,-,-,-,-,-,-,-,-,-,-,0.0,-0.0,-,-,-,-,-,-
8:41,-,-,-,-,-,-,-,-,-,-,-,-,0.0,-1.8111362E22,-,-,-,-,-,-
8:42,-,-,-,-,-,-,-,-,-,-,-,-,0.0,-0.0,-,-,-,-,-,-
8:43,-,-,-,-,-,-,-,-,-,-,-,-,0.0,-0.0,-,-,-,-,-,-
8:44,-,-,-,-,-,-,-,-,-,-,-,-,42.393795,-72.532646,-,-,-,-,-,-
8:45,-,-,-,-,-,-,-,-,-,-,-,-,42.39367,-72.53258,-,-,-,-,-,-
8:46,-,-,-,-,-,-,-,-,-,-,-,-,42.393658,-72.53264,-,-,-,-,-,-
8:47,-,-,-,-,-,-,-,-,-,-,-,-,42.393627,-72.53257,-,-,-,-,-,-
8:48,-,-,-,-,-,-,-,-,-,-,-,-,42.393692,-72.532585,-,-,-,-,-,-
8:49,42.37826,-72.53613,-,-,-,-,-,-,-,-,-,-,42.39366,-72.53268,-,-,-,-,-,-
8:50,42.37826,-72.53612,-,-,-,-,-,-,-,-,-,-,42.39363,-72.53277,-,-,-,-,-,-
8:51,42.378265,-72.53612,-,-,-,-,-,-,-,-,-,-,42.393654,-72.53271,-,-,-,-,-,-
8:52,42.378254,-72.536095,-,-,-,-,-,-,-,-,-,-,42.393665,-72.53263,-,-,-,-,-,-
8:53,42.37825,-72.5361,-,-,-,-,-,-,-,-,-,-,42.393696,-72.53266,-,-,-,-,-,-
8:54,42.37823,-72.53613,-,-,-,-,-,-,-,-,-,-,42.39369,-72.53265,-,-,-,-,-,-
8:55,42.37821,-72.53612,-,-,-,-,-,-,-,-,-,-,42.393684,-72.53262,-,-,-,-,-,-
8:56,42.378223,-72.536125,-,-,-,-,-,-,-,-,-,-,42.39368,-72.53258,-,-,-,-,-,-
8:57,42.37822,-72.53615,-,-,-,-,-,-,-,-,-,-,42.39274,-72.533585,-,-,-,-,-,-
8:58,42.378227,-72.536125,-,-,-,-,-,-,-,-,-,-,42.388298,-72.53201,-,-,-,-,-,-
8:59,42.378235,-72.53614,-,-,-,-,-,-,-,-,-,-,42.384773,-72.528015,-,-,-,-,-,-
9:0,42.378235,-72.536125,-,-,-,-,-,-,-,-,-,-,42.38732,-72.526115,-,-,-,-,-,-
9:1,42.378242,-72.53615,-,-,-,-,-,-,-,-,-,-,42.385536,-72.52577,-,-,-,-,-,-
9:2,42.378242,-72.53615,-,-,-,-,-,-,-,-,-,-,42.383053,-72.5207,-,-,-,-,-,-
9:3,42.378223,-72.536125,-,-,-,-,-,-,-,-,-,-,42.3801,-72.51947,-,-,-,-,-,-
9:4,42.378254,-72.53613,-,-,-,-,-,-,-,-,-,-,42.377125,-72.520004,-,-,-,-,-,-
9:5,42.378242,-72.53613,-,-,-,-,-,-,-,-,-,-,42.376015,-72.519775,-,-,-,-,-,-
9:6,42.378216,-72.53614,-,-,-,-,-,-,-,-,-,-,42.374405,-72.51995,-,-,-,-,-,-
9:7,42.378204,-72.536156,-,-,-,-,-,-,-,-,-,-,42.372257,-72.51964,-,-,-,-,-,-
9:8,42.378178,-72.53613,-,-,-,-,-,-,-,-,-,-,42.37303,-72.51992,-,-,-,-,-,-
9:9,42.378185,-72.53613,-,-,-,-,-,-,-,-,-,-,42.363163,-72.520706,-,-,-,-,-,-
9:10,42.37821,-72.53613,-,-,-,-,-,-,-,-,-,-,42.35497,-72.52081,-,-,-,-,-,-
9:11,42.37822,-72.53614,-,-,-,-,-,-,-,-,-,-,42.34746,-72.52026,-,-,-,-,-,-
9:12,42.37822,-72.53613,-,-,-,-,-,-,-,-,-,-,42.336678,-72.5223,-,-,-,-,-,-
9:13,42.378223,-72.53611,-,-,-,-,-,-,-,-,-,-,42.332806,-72.523636,-,-,-,-,-,-
9:14,42.37823,-72.53613,-,-,-,-,-,-,-,-,-,-,42.3259,-72.5244,-,-,-,-,-,-
9:15,42.37822,-72.53618,-,-,-,-,-,-,-,-,-,-,42.324833,-72.52728,-,-,-,-,-,-
9:16,42.378223,-72.53614,-,-,-,-,-,-,-,-,-,-,42.32528,-72.53103,-,-,-,-,-,-
9:17,42.37822,-72.53613,-,-,-,-,-,-,-,-,-,-,42.324615,-72.52868,-,-,-,-,-,-
9:18,42.37824,-72.53606,-,-,-,-,-,-,-,-,-,-,42.32184,-72.53196,-,-,-,-,-,-
9:19,42.378227,-72.53611,-,-,-,-,-,-,-,-,-,-,42.320225,-72.53211,-,-,-,-,-,-
9:20,42.37823,-72.53615,-,-,-,-,-,-,-,-,-,-,42.317398,-72.52983,-,-,-,-,-,-
9:21,42.378223,-72.53614,-,-,-,-,-,-,-,-,-,-,42.307774,-72.53049,-,-,-,-,-,-
9:22,42.37823,-72.53612,-,-,-,-,-,-,-,-,-,-,42.2993,-72.52953,-,-,-,-,-,-
9:23,42.378223,-72.53611,-,-,-,-,-,-,-,-,-,-,42.288994,-72.5359,-,-,-,-,-,-
9:24,42.37822,-72.536125,-,-,-,-,-,-,-,-,-,-,42.284866,-72.54771,-,-,-,-,-,-
9:25,42.37822,-72.53613,-,-,-,-,-,-,-,-,-,-,42.2807,-72.558075,-,-,-,-,-,-
9:26,42.378223,-72.53613,-,-,-,-,-,-,-,-,-,-,42.273262,-72.56526,-,-,-,-,-,-
9:27,42.378235,-72.53612,-,-,-,-,-,-,-,-,-,-,42.266605,-72.570335,-,-,-,-,-,-
9:28,42.378227,-72.536156,-,-,-,-,-,-,-,-,-,-,42.260044,-72.573616,-,-,-,-,-,-
9:29,42.37823,-72.53618,-,-,-,-,-,-,-,-,-,-,42.258015,-72.5728,-,-,-,-,-,-
9:30,42.378216,-72.53615,-,-,-,-,-,-,-,-,-,-,42.25637,-72.57222,-,-,-,-,-,-
9:31,42.37822,-72.536156,-,-,-,-,-,-,-,-,-,-,42.254223,-72.57422,-,-,-,-,-,-
9:32,42.37822,-72.53617,-,-,-,-,-,-,-,-,-,-,42.25418,-72.57421,-,-,-,-,-,-
9:33,42.378223,-72.53615,-,-,-,-,-,-,-,-,-,-,42.254185,-72.574234,-,-,-,-,-,-
9:34,42.378227,-72.53611,-,-,-,-,-,-,-,-,-,-,42.254223,-72.57426,-,-,-,-,-,-
9:35,42.378235,-72.53612,-,-,-,-,-,-,-,-,-,-,42.254192,-72.5742,-,-,-,-,-,-
9:36,42.378235,-72.53612,-,-,-,-,-,-,-,-,-,-,42.25371,-72.57465,-,-,-,-,-,-
9:37,42.37824,-72.53611,-,-,-,-,-,-,-,-,-,-,42.25456,-72.577194,-,-,-,-,-,-
9:38,42.37823,-72.53611,-,-,-,-,-,-,-,-,-,-,42.257687,-72.57595,-,-,-,-,-,-
9:39,42.37822,-72.536125,-,-,-,-,-,-,-,-,-,-,42.260937,-72.57284,-,-,-,-,-,-
9:40,42.378223,-72.536125,-,-,-,-,-,-,-,-,-,-,42.266556,-72.56816,-,-,-,-,-,-
9:41,-,-,-,-,-,-,-,-,-,-,-,-,42.27499,-72.56489,-,-,-,-,-,-
9:42,-,-,-,-,-,-,-,-,-,-,-,-,42.281303,-72.556564,-,-,-,-,-,-
9:43,-,-,-,-,-,-,-,-,-,-,-,-,42.28544,-72.5454,-,-,-,-,-,-
9:44,-,-,-,-,-,-,-,-,-,-,-,-,42.289894,-72.53386,-,-,-,-,-,-
9:45,-,-,-,-,-,-,-,-,-,-,-,-,42.300472,-72.52875,-,-,-,-,-,-
9:46,-,-,-,-,-,-,-,-,-,-,-,-,42.3084,-72.52997,-,-,-,-,-,-
9:47,-,-,-,-,-,-,-,-,-,-,-,-,42.318268,-72.5291,-,-,-,-,-,-
9:48,-,-,-,-,-,-,-,-,-,-,-,-,42.3203,-72.533455,-,-,-,-,-,-
9:49,-,-,-,-,-,-,-,-,-,-,-,-,42.321682,-72.53428,-,-,-,-,-,-
9:50,-,-,-,-,-,-,-,-,-,-,-,-,42.322353,-72.52952,-,-,-,-,-,-
9:51,-,-,-,-,-,-,-,-,-,-,-,-,42.325134,-72.530205,-,-,-,-,-,-
9:52,-,-,-,-,-,-,-,-,-,-,-,-,42.325233,-72.5311,-,-,-,-,-,-
9:53,-,-,-,-,-,-,-,-,-,-,-,-,42.32501,-72.52741,-,-,-,-,-,-
9:54,-,-,-,-,-,-,-,-,-,-,-,-,42.324978,-72.52453,-,-,-,-,-,-
9:55,-,-,-,-,-,-,-,-,-,-,-,-,42.333286,-72.523544,-,-,-,-,-,-
9:56,-,-,-,-,-,-,-,-,-,-,-,-,42.340004,-72.52023,-,-,-,-,-,-
9:57,-,-,-,-,-,-,-,-,-,-,-,-,42.34596,-72.52048,-,-,-,-,-,-
9:58,-,-,-,-,-,-,-,-,-,-,-,-,42.35516,-72.52081,-,-,-,-,-,-
9:59,-,-,-,-,-,-,-,-,-,-,-,-,42.36467,-72.52065,-,-,-,-,-,-
10:0,-,-,-,-,-,-,-,-,-,-,-,-,42.3722,-72.51922,-,-,-,-,-,-
10:1,-,-,-,-,-,-,-,-,-,-,-,-,42.373302,-72.51956,-,-,-,-,-,-
10:2,-,-,-,-,-,-,-,-,-,-,-,-,42.375137,-72.51987,-,-,-,-,-,-
10:3,-,-,-,-,-,-,-,-,-,-,-,-,42.376804,-72.51993,-,-,-,-,-,-
10:4,-,-,-,-,-,-,-,-,-,-,-,-,42.379208,-72.51987,-,-,-,-,-,-
10:5,-,-,-,-,-,-,-,-,-,-,-,-,42.383095,-72.52062,-,-,-,-,-,-
10:6,-,-,-,-,-,-,-,-,-,-,-,-,42.38599,-72.52243,-,-,-,-,-,-
10:7,-,-,-,-,-,-,-,-,-,-,-,-,42.387283,-72.52627,-,-,-,-,-,-
10:8,-,-,-,-,-,-,-,-,-,-,-,-,-,-,-,-,-,-,-,-
10:9,-,-,-,-,-,-,-,-,-,-,-,-,-,-,-,-,-,-,-,-
10:10,-,-,-,-,-,-,-,-,-,-,-,-,-,-,-,-,-,-,-,-
10:11,-,-,-,-,-,-,-,-,-,-,-,-,-,-,-,-,-,-,-,-
10:12,-,-,-,-,-,-,-,-,-,-,-,-,42.385567,-72.525955,-,-,-,-,-,-
10:13,-,-,-,-,-,-,-,-,-,-,-,-,42.3814,-72.51931,-,-,-,-,-,-
10:14,-,-,-,-,-,-,-,-,-,-,-,-,42.37987,-72.51956,-,-,-,-,-,-
10:15,-,-,-,-,-,-,-,-,-,-,-,-,42.377655,-72.51992,-,-,-,-,-,-
10:16,-,-,-,-,-,-,-,-,-,-,-,-,42.375973,-72.51993,-,-,-,-,-,-
10:17,-,-,-,-,-,-,-,-,-,-,-,-,42.37445,-72.51996,-,-,-,-,-,-
10:18,-,-,-,-,-,-,-,-,-,-,-,-,42.373108,-72.51985,-,-,-,-,-,-
10:19,-,-,-,-,-,-,-,-,-,-,-,-,42.37264,-72.51886,-,-,-,-,-,-
10:20,-,-,-,-,-,-,-,-,0.0,-0.0,-,-,42.373096,-72.51898,-,-,-,-,-,-
10:21,-,-,-,-,-,-,-,-,0.0,-1.1095744E27,-,-,42.368782,-72.52008,-,-,-,-,-,-
10:22,-,-,-,-,-,-,-,-,0.0,-0.0,-,-,42.35897,-72.52092,-,-,-,-,-,-
10:23,-,-,-,-,-,-,-,-,42.39366,-72.53265,-,-,42.349457,-72.51996,-,-,-,-,-,-
10:24,-,-,-,-,-,-,-,-,42.393803,-72.53272,-,-,42.339912,-72.52025,-,-,-,-,-,-
10:25,-,-,-,-,-,-,-,-,42.39388,-72.53275,-,-,42.3329,-72.52368,-,-,-,-,-,-
10:26,-,-,-,-,-,-,-,-,42.39382,-72.53262,-,-,42.323948,-72.52476,-,-,-,-,-,-
10:27,-,-,-,-,-,-,-,-,42.393723,-72.53261,-,-,42.32512,-72.52862,-,-,-,-,-,-
10:28,-,-,-,-,42.37833,-72.53508,-,-,42.393593,-72.53255,-,-,42.325195,-72.531235,-,-,-,-,-,-
10:29,-,-,-,-,42.378292,-72.535065,-,-,42.39405,-72.53433,-,-,42.325314,-72.53119,-,-,-,-,-,-
10:30,-,-,-,-,42.37826,-72.53506,-,-,42.39479,-72.52799,-,-,42.325302,-72.5311,-,-,-,-,-,-
10:31,-,-,-,-,42.37826,-72.53505,-,-,42.400112,-72.52798,-,-,42.32514,-72.52876,-,-,-,-,-,-
10:32,-,-,-,-,42.37826,-72.53504,-,-,42.40634,-72.53044,-,-,42.32207,-72.530075,-,-,-,-,-,-
10:33,-,-,-,-,42.37826,-72.53503,-,-,42.405777,-72.53244,-,-,42.321053,-72.53435,-,-,-,-,-,-
10:34,-,-,-,-,42.37825,-72.53503,-,-,42.405792,-72.53245,-,-,42.32049,-72.53441,-,-,-,-,-,-
10:35,-,-,-,-,42.378265,-72.53501,-,-,42.40581,-72.53246,-,-,42.318974,-72.528305,-,-,-,-,-,-
10:36,-,-,-,-,42.378273,-72.53501,-,-,42.405724,-72.53244,-,-,42.3113,-72.530136,-,-,-,-,-,-
10:37,-,-,-,-,42.37827,-72.53509,-,-,42.405045,-72.53071,-,-,42.305485,-72.52923,-,-,-,-,-,-
10:38,-,-,-,-,42.378254,-72.53506,-,-,42.40332,-72.52927,-,-,42.302162,-72.52778,-,-,-,-,-,-
10:39,-,-,-,-,42.378254,-72.53506,-,-,42.40009,-72.52794,-,-,42.291363,-72.53281,-,-,-,-,-,-
10:40,-,-,-,-,42.378277,-72.53507,-,-,42.39534,-72.5272,-,-,42.28549,-72.54467,-,-,-,-,-,-
10:41,-,-,-,-,-,-,-,-,42.393337,-72.52601,-,-,42.281223,-72.5567,-,-,-,-,-,-
10:42,-,-,-,-,-,-,-,-,42.390923,-72.5252,-,-,42.275715,-72.56488,-,-,-,-,-,-
10:43,-,-,-,-,-,-,-,-,42.387814,-72.52387,-,-,42.26755,-72.56718,-,-,-,-,-,-
10:44,-,-,-,-,-,-,-,-,42.38269,-72.52045,-,-,42.26169,-72.57268,-,-,-,-,-,-
10:45,-,-,-,-,-,-,-,-,42.377853,-72.52001,-,-,42.259212,-72.57485,-,-,-,-,-,-
10:46,-,-,-,-,-,-,-,-,42.375965,-72.51982,-,-,42.25804,-72.57278,-,-,-,-,-,-
10:47,-,-,-,-,42.378292,-72.535065,-,-,42.37562,-72.519646,-,-,42.256042,-72.57232,-,-,-,-,-,-
10:48,-,-,-,-,42.37827,-72.535034,-,-,42.37588,-72.51584,-,-,-,-,-,-,-,-,-,-
10:49,-,-,-,-,42.37826,-72.535034,-,-,42.3759,-72.51185,-,-,-,-,-,-,-,-,-,-
10:50,-,-,-,-,42.378277,-72.53506,-,-,42.375782,-72.50387,-,-,-,-,-,-,-,-,-,-
10:51,-,-,-,-,42.378304,-72.53506,-,-,42.375443,-72.500725,-,-,-,-,-,-,-,-,-,-
10:52,-,-,-,-,-,-,-,-,42.370384,-72.50184,-,-,-,-,-,-,-,-,-,-
10:53,-,-,-,-,-,-,-,-,42.370102,-72.49911,-,-,-,-,-,-,-,-,-,-
10:54,-,-,-,-,-,-,-,-,42.369934,-72.497055,-,-,-,-,-,-,-,-,-,-
10:55,-,-,-,-,-,-,-,-,42.359818,-72.48618,-,-,-,-,-,-,-,-,-,-
10:56,-,-,-,-,-,-,-,-,42.356483,-72.48192,-,-,42.25382,-72.57573,-,-,-,-,-,-
10:57,-,-,-,-,-,-,-,-,42.353344,-72.47816,-,-,42.254017,-72.57648,-,-,-,-,-,-
10:58,-,-,-,-,-,-,-,-,42.353416,-72.47478,-,-,42.257484,-72.5761,-,-,-,-,-,-
10:59,-,-,-,-,42.378246,-72.535095,-,-,42.347057,-72.46864,-,-,42.258858,-72.57497,-,-,-,-,-,-
11:0,-,-,-,-,42.378273,-72.53511,-,-,42.34356,-72.46303,-,-,42.266212,-72.57159,-,-,-,-,-,-
11:1,-,-,-,-,42.378235,-72.53506,-,-,42.337112,-72.45711,-,-,42.271687,-72.565575,-,-,-,-,-,-
11:2,-,-,-,-,42.378277,-72.53512,-,-,42.3298,-72.449104,-,-,42.279427,-72.55934,-,-,-,-,-,-
11:3,-,-,-,-,42.378265,-72.53511,-,-,42.32479,-72.435776,-,-,42.28407,-72.549416,-,-,-,-,-,-
11:4,-,-,-,-,42.378277,-72.535126,-,-,42.3189,-72.42663,-,-,42.28754,-72.538704,-,-,-,-,-,-
11:5,-,-,-,-,42.378284,-72.53508,-,-,42.307728,-72.42156,-,-,42.295044,-72.531044,-,-,-,-,-,-
11:6,-,-,-,-,42.37827,-72.535095,-,-,42.297966,-72.41565,-,-,42.305527,-72.52878,-,-,-,-,-,-
11:7,-,-,-,-,42.37828,-72.53508,-,-,42.29318,-72.41086,-,-,42.31369,-72.53078,-,-,-,-,-,-
11:8,-,-,-,-,42.378273,-72.53514,-,-,42.29318,-72.41086,-,-,42.31962,-72.52892,-,-,-,-,-,-
11:9,-,-,-,-,42.378017,-72.53658,-,-,42.29318,-72.41086,-,-,42.321125,-72.53346,-,-,-,-,-,-
11:10,-,-,-,-,42.378056,-72.536575,-,-,42.29318,-72.41086,-,-,42.322105,-72.53004,-,-,-,-,-,-
11:11,-,-,-,-,42.37807,-72.53663,-,-,42.29318,-72.41086,-,-,42.325127,-72.52883,-,-,-,-,-,-
11:12,-,-,-,-,42.377975,-72.5365,-,-,42.29318,-72.41086,-,-,42.32527,-72.531044,-,-,-,-,-,-
11:13,-,-,-,-,42.378025,-72.535866,-,-,42.277603,-72.400795,-,-,42.32456,-72.52677,-,-,-,-,-,-
11:14,-,-,-,-,42.378002,-72.53575,-,-,42.277596,-72.40081,-,-,42.32782,-72.524185,-,-,-,-,-,-
11:15,-,-,-,-,42.37802,-72.53572,-,-,42.277657,-72.40076,-,-,42.33811,-72.521225,-,-,-,-,-,-
11:16,-,-,-,-,42.378044,-72.53635,-,-,42.277626,-72.40077,-,-,42.34136,-72.5201,-,-,-,-,-,-
11:17,-,-,-,-,42.378056,-72.536385,-,-,42.277668,-72.40082,-,-,42.34762,-72.52006,-,-,-,-,-,-
11:18,-,-,-,-,42.378067,-72.53643,-,-,42.27918,-72.40284,-,-,42.355614,-72.520744,-,-,-,-,-,-
11:19,-,-,-,-,42.37808,-72.536385,-,-,42.28622,-72.40689,-,-,42.361706,-72.52065,-,-,-,-,-,-
11:20,-,-,-,-,42.378048,-72.53613,-,-,42.28968,-72.407265,-,-,42.37102,-72.5197,-,-,-,-,-,-
11:21,-,-,-,-,42.37807,-72.53607,-,-,42.295418,-72.41374,-,-,42.373177,-72.51879,-,-,-,-,-,-
11:22,-,-,-,-,42.378063,-72.536064,-,-,42.30335,-72.41986,-,-,42.373974,-72.51986,-,-,-,-,-,-
11:23,-,-,-,-,42.37804,-72.53611,-,-,42.313087,-72.424194,-,-,42.376694,-72.51979,-,-,-,-,-,-
11:24,-,-,-,-,42.378048,-72.53611,-,-,42.32483,-72.43541,-,-,42.37834,-72.51987,-,-,-,-,-,-
11:25,-,-,-,-,42.37805,-72.536125,-,-,42.325626,-72.440346,-,-,42.383114,-72.52042,-,-,-,-,-,-
11:26,-,-,-,-,42.37805,-72.536125,-,-,42.33165,-72.4542,-,-,42.385067,-72.5216,-,-,-,-,-,-
11:27,-,-,-,-,42.378033,-72.53599,-,-,42.344173,-72.464905,-,-,42.386093,-72.52375,-,-,-,-,-,-
11:28,-,-,-,-,42.37805,-72.53602,-,-,42.344875,-72.46621,-,-,42.38711,-72.52643,-,-,-,-,-,-
11:29,-,-,-,-,42.37808,-72.53577,-,-,42.34926,-72.469505,-,-,42.387093,-72.52629,-,-,-,-,-,-
11:30,-,-,-,-,42.378136,-72.536224,-,-,42.351765,-72.47167,-,-,42.38693,-72.52649,-,-,-,-,-,-
11:31,-,-,-,-,42.37813,-72.53619,-,-,42.354633,-72.48015,-,-,42.386654,-72.52653,-,-,-,-,-,-
11:32,-,-,-,-,42.378124,-72.5362,-,-,42.36162,-72.48768,-,-,42.385937,-72.52271,-,-,-,-,-,-
11:33,-,-,-,-,42.37805,-72.53616,-,-,42.36317,-72.4889,-,-,42.382088,-72.51984,-,-,-,-,-,-
11:34,-,-,-,-,42.378105,-72.53613,-,-,42.36925,-72.496284,-,-,42.377827,-72.51984,-,-,-,-,-,-
11:35,-,-,-,-,42.37817,-72.536446,-,-,42.36998,-72.49907,-,-,42.37614,-72.5199,-,-,-,-,-,-
11:36,-,-,-,-,42.37818,-72.53656,-,-,42.369434,-72.50202,-,-,42.37446,-72.51977,-,-,-,-,-,-
11:37,-,-,-,-,42.37819,-72.53643,-,-,42.373405,-72.501144,-,-,42.37229,-72.51873,-,-,-,-,-,-
11:38,-,-,-,-,42.378216,-72.53634,-,-,42.37631,-72.50116,-,-,42.37318,-72.51881,-,-,-,-,-,-
11:39,-,-,-,-,42.37808,-72.53628,-,-,42.375744,-72.507256,-,-,42.373257,-72.51884,-,-,-,-,-,-
11:40,-,-,-,-,42.378056,-72.536255,-,-,42.375923,-72.51228,-,-,42.37311,-72.518776,-,-,-,-,-,-
11:41,-,-,-,-,42.378098,-72.53629,-,-,42.375885,-72.51678,-,-,42.3732,-72.51971,-,-,-,-,-,-
11:42,-,-,-,-,42.378227,-72.536415,-,-,42.37571,-72.51963,-,-,42.36387,-72.52064,-,-,-,-,-,-
11:43,-,-,-,-,42.37824,-72.536415,-,-,42.37741,-72.51994,-,-,42.35396,-72.520546,-,-,-,-,-,-
11:44,-,-,-,-,42.37819,-72.53636,-,-,42.378105,-72.52005,-,-,42.345097,-72.520355,-,-,-,-,-,-
11:45,-,-,-,-,42.378178,-72.53639,-,-,42.381287,-72.51935,-,-,42.340393,-72.52005,-,-,-,-,-,-
11:46,-,-,-,-,42.378098,-72.53626,-,-,42.385384,-72.52189,-,-,42.334003,-72.523224,-,-,-,-,-,-
11:47,-,-,-,-,42.378082,-72.53627,-,-,42.387657,-72.52356,-,-,42.323654,-72.524635,-,-,-,-,-,-
11:48,-,-,-,-,42.37814,-72.53628,-,-,42.391285,-72.525345,-,-,42.32523,-72.52848,-,-,-,-,-,-
11:49,-,-,-,-,42.378864,-72.53627,-,-,42.393326,-72.52591,-,-,42.32534,-72.530815,-,-,-,-,-,-
11:50,-,-,-,-,42.379562,-72.53403,-,-,42.39424,-72.52648,-,-,42.32533,-72.53082,-,-,-,-,-,-
11:51,-,-,-,-,42.382187,-72.5331,-,-,42.396698,-72.527664,-,-,42.325127,-72.52969,-,-,-,-,-,-
11:52,-,-,-,-,42.382416,-72.531715,-,-,42.403645,-72.52944,-,-,42.322144,-72.52985,-,-,-,-,-,-
11:53,-,-,-,-,42.385056,-72.531685,-,-,42.40635,-72.53138,-,-,42.321102,-72.53414,-,-,-,-,-,-
11:54,-,-,-,-,42.385105,-72.53109,-,-,42.405838,-72.53263,-,-,42.320282,-72.53421,-,-,-,-,-,-
11:55,-,-,-,-,42.38769,-72.531685,-,-,42.405796,-72.532455,-,-,42.319508,-72.52845,-,-,-,-,-,-
11:56,-,-,-,-,42.392727,-72.533615,-,-,-,-,-,-,42.31539,-72.53048,-,-,-,-,-,-
11:57,-,-,-,-,42.393528,-72.53266,-,-,42.405865,-72.53244,-,-,42.30581,-72.53002,-,-,-,-,-,-
11:58,-,-,-,-,-,-,-,-,42.405907,-72.53255,-,-,42.295315,-72.531784,-,-,-,-,-,-
11:59,-,-,-,-,-,-,-,-,42.405914,-72.532585,-,-,42.287476,-72.53868,-,-,-,-,-,-
12:0,-,-,-,-,-,-,-,-,42.40591,-72.532524,-,-,42.283733,-72.55038,-,-,-,-,-,-
12:1,-,-,-,-,-,-,-,-,42.40529,-72.53238,-,-,42.278584,-72.560104,-,-,-,-,-,-
12:2,-,-,-,-,-,-,-,-,42.40411,-72.52965,-,-,42.271797,-72.56559,-,-,-,-,-,-
12:3,-,-,-,-,-,-,-,-,42.39958,-72.52801,-,-,42.265755,-72.5717,-,-,-,-,-,-
12:4,-,-,-,-,-,-,-,-,42.39335,-72.526024,-,-,42.260223,-72.57325,-,-,-,-,-,-
12:5,-,-,-,-,-,-,-,-,42.390877,-72.52526,-,-,42.258972,-72.574814,-,-,-,-,-,-
12:6,-,-,-,-,-,-,-,-,42.38776,-72.52387,-,-,42.257725,-72.57271,-,-,-,-,-,-
12:7,-,-,-,-,-,-,-,-,42.383804,-72.521,-,-,42.254284,-72.573456,-,-,-,-,-,-
12:8,-,-,-,-,-,-,-,-,42.380825,-72.519356,-,-,42.25401,-72.57443,-,-,-,-,-,-
12:9,-,-,-,-,-,-,-,-,42.377953,-72.51992,-,-,-,-,-,-,-,-,-,-
12:10,-,-,-,-,-,-,-,-,42.376072,-72.51989,-,-,-,-,-,-,-,-,-,-
12:11,-,-,-,-,-,-,-,-,42.375706,-72.519295,-,-,-,-,-,-,-,-,-,-
12:12,-,-,-,-,-,-,-,-,42.375824,-72.51337,-,-,-,-,-,-,-,-,-,-
12:13,-,-,-,-,-,-,-,-,42.375782,-72.510155,-,-,-,-,-,-,-,-,-,-
12:14,-,-,-,-,-,-,-,-,42.376144,-72.500534,-,-,-,-,-,-,-,-,-,-
12:15,-,-,-,-,-,-,-,-,42.37306,-72.5012,-,-,42.253563,-72.5745,-,-,-,-,-,-
12:16,-,-,-,-,-,-,-,-,42.370216,-72.50187,-,-,42.25391,-72.576004,-,-,-,-,-,-
12:17,-,-,-,-,-,-,-,-,42.369232,-72.49995,-,-,42.255455,-72.57662,-,-,-,-,-,-
12:18,-,-,-,-,-,-,-,-,42.371143,-72.49857,-,-,42.2576,-72.57584,-,-,-,-,-,-
12:19,-,-,-,-,-,-,-,-,42.36581,-72.49179,-,-,42.260452,-72.57305,-,-,-,-,-,-
12:20,-,-,-,-,-,-,-,-,42.362545,-72.48846,-,-,42.26654,-72.5695,-,-,-,-,-,-
12:21,-,-,-,-,-,-,-,-,42.356514,-72.485374,-,-,42.275066,-72.56477,-,-,-,-,-,-
12:22,-,-,-,-,-,-,-,-,42.35822,-72.48474,-,-,42.281208,-72.5564,-,-,-,-,-,-
12:23,-,-,-,-,-,-,-,-,42.35381,-72.47551,-,-,42.2855,-72.5445,-,-,-,-,-,-
12:24,-,-,-,-,-,-,-,-,42.354633,-72.48007,-,-,42.291245,-72.532585,-,-,-,-,-,-
12:25,-,-,-,-,-,-,-,-,42.35465,-72.48016,-,-,42.30183,-72.527626,-,-,-,-,-,-
12:26,-,-,-,-,-,-,-,-,42.35462,-72.48014,-,-,42.305367,-72.528824,-,-,-,-,-,-
12:27,-,-,42.4765,-72.60709,-,-,-,-,42.35466,-72.480125,-,-,42.313362,-72.53071,-,-,-,-,-,-
12:28,-,-,42.474976,-72.60496,-,-,-,-,42.354687,-72.48007,-,-,42.319298,-72.52798,-,-,-,-,-,-
12:29,-,-,42.468628,-72.596214,-,-,-,-,42.354694,-72.480125,-,-,42.3208,-72.534,-,-,-,-,-,-
12:30,-,-,42.468353,-72.58733,-,-,-,-,42.354664,-72.48004,-,-,42.32179,-72.53186,-,-,-,-,-,-
12:31,-,-,42.466137,-72.57968,-,-,-,-,42.35535,-72.48057,-,-,42.323273,-72.52829,-,-,-,-,-,-
12:32,-,-,42.459827,-72.58203,-,-,-,-,42.360985,-72.48716,-,-,42.32521,-72.530876,-,-,-,-,-,-
12:33,-,-,42.45775,-72.58144,-,-,-,-,42.365437,-72.49138,-,-,42.325054,-72.529564,-,-,-,-,-,-
12:34,-,-,42.45783,-72.58148,-,-,-,-,42.37121,-72.49869,-,-,42.323307,-72.52493,-,-,-,-,-,-
12:35,-,-,42.457813,-72.58145,-,-,-,-,42.369274,-72.501076,-,-,42.33261,-72.52344,-,-,-,-,-,-
12:36,-,-,42.45779,-72.58144,-,-,-,-,42.37095,-72.50168,-,-,42.33544,-72.52303,-,-,-,-,-,-
12:37,-,-,42.457813,-72.5815,-,-,-,-,42.376392,-72.50062,-,-,42.340652,-72.519936,-,-,-,-,-,-
12:38,-,-,42.45992,-72.58169,-,-,-,-,42.376106,-72.50197,-,-,42.34801,-72.52022,-,-,-,-,-,-
12:39,-,-,42.459103,-72.577095,-,-,-,-,42.37581,-72.509,-,-,42.357224,-72.52102,-,-,-,-,-,-
12:40,-,-,42.454792,-72.567825,-,-,-,-,42.3759,-72.51399,-,-,42.366936,-72.5202,-,-,-,-,-,-
12:41,-,-,42.451515,-72.56284,-,-,-,-,42.375645,-72.51966,-,-,42.372135,-72.518715,-,-,-,-,-,-
12:42,-,-,42.45092,-72.56188,-,-,-,-,42.37747,-72.519905,-,-,42.373127,-72.5195,-,-,-,-,-,-
12:43,-,-,42.44399,-72.55315,-,-,-,-,42.379772,-72.51955,-,-,42.374615,-72.51978,-,-,-,-,-,-
12:44,-,-,42.43324,-72.545135,-,-,-,-,42.383095,-72.520584,-,-,42.374817,-72.51986,-,-,-,-,-,-
12:45,-,-,42.42349,-72.53796,-,-,-,-,42.385616,-72.52197,-,-,42.37702,-72.51989,-,-,-,-,-,-
12:46,-,-,42.412655,-72.537506,-,-,-,-,42.38766,-72.52367,-,-,42.379684,-72.51948,-,-,-,-,-,-
12:47,-,-,42.409027,-72.537926,-,-,-,-,42.3911,-72.525215,-,-,42.383045,-72.52054,-,-,-,-,-,-
12:48,-,-,42.409542,-72.53467,-,-,-,-,42.39393,-72.526245,-,-,42.385918,-72.52249,-,-,-,-,-,-
12:49,-,-,42.40987,-72.531136,-,-,-,-,42.39715,-72.52789,-,-,42.38706,-72.526474,-,-,-,-,-,-
12:50,-,-,42.409004,-72.53069,-,-,-,-,42.403946,-72.52958,-,-,42.386997,-72.52624,-,-,-,-,-,-
12:51,-,-,42.4069,-72.53004,-,-,-,-,42.406376,-72.531296,-,-,42.38706,-72.52648,-,-,-,-,-,-
12:52,-,-,42.403107,-72.52916,-,-,-,-,42.405823,-72.53243,-,-,42.38693,-72.526474,-,-,-,-,-,-
12:53,-,-,42.398094,-72.5281,-,-,-,-,42.405815,-72.53243,-,-,42.38706,-72.52652,-,-,-,-,-,-
12:54,-,-,42.39546,-72.52714,-,-,-,-,42.40579,-72.53246,-,-,42.385273,-72.52575,-,-,-,-,-,-
12:55,-,-,42.393326,-72.526054,-,-,-,-,42.40576,-72.5325,-,-,42.383175,-72.52071,-,-,-,-,-,-
12:56,-,-,42.39089,-72.52526,-,-,-,-,-,-,-,-,42.381382,-72.51932,-,-,-,-,-,-
12:57,-,-,42.389065,-72.52471,-,-,-,-,42.405914,-72.53249,-,-,42.37791,-72.52006,-,-,-,-,-,-
12:58,-,-,42.387535,-72.52343,-,-,-,-,42.405895,-72.53257,-,-,42.37604,-72.519966,-,-,-,-,-,-
12:59,-,-,42.38587,-72.52253,-,-,-,-,42.40587,-72.53259,-,-,42.375607,-72.51984,-,-,-,-,-,-
13:0,-,-,42.38158,-72.51943,-,-,-,-,42.40586,-72.5325,-,-,42.373955,-72.5198,-,-,-,-,-,-
13:1,-,-,42.378525,-72.52,-,-,-,-,42.4055,-72.53244,-,-,42.372505,-72.519806,-,-,-,-,-,-
13:2,-,-,42.37784,-72.52002,-,-,-,-,42.405067,-72.53002,-,-,42.373123,-72.518875,-,-,-,-,-,-
13:3,-,-,42.37763,-72.51994,-,-,-,-,42.403133,-72.52918,-,-,42.37313,-72.51985,-,-,-,-,-,-
13:4,-,-,42.37598,-72.519905,-,-,-,-,42.397804,-72.52807,-,-,42.365654,-72.52043,-,-,-,-,-,-
13:5,-,-,42.37446,-72.51996,-,-,-,-,42.395092,-72.52692,-,-,42.355858,-72.52104,-,-,-,-,-,-
13:6,-,-,42.373474,-72.51987,-,-,-,-,42.39231,-72.52549,-,-,42.34947,-72.519966,-,-,-,-,-,-
13:7,0.0,-0.0,42.373096,-72.51987,42.393673,-72.53291,0.0,-0.0,42.3878,-72.5239,-,-,42.340183,-72.52017,-,-,-,-,-,-
13:8,42.391518,-72.533455,42.363583,-72.52078,42.393692,-72.532906,0.0,-0.0,42.386177,-72.52241,-,-,42.332752,-72.5237,-,-,-,-,-,-
13:9,42.390957,-72.53322,42.355423,-72.52137,-,-,0.0,-0.0,42.383026,-72.52068,-,-,42.32326,-72.52499,-,-,-,-,-,-
13:10,42.388206,-72.53206,42.351597,-72.52596,-,-,0.0,-0.0,42.379105,-72.51982,-,-,42.32514,-72.529015,-,-,-,-,-,-
13:11,42.386654,-72.53141,42.35081,-72.52742,-,-,0.0,-0.0,42.377296,-72.519966,-,-,42.325268,-72.53109,-,-,-,-,-,-
13:12,42.38511,-72.5312,42.34884,-72.52892,-,-,0.0,-0.0,42.375584,-72.5199,-,-,42.325012,-72.52878,-,-,-,-,-,-
13:13,42.38242,-72.531815,42.348312,-72.529655,-,-,0.0,-0.0,42.375793,-72.51856,-,-,42.322067,-72.53005,-,-,-,-,-,-
13:14,42.38113,-72.53394,42.350468,-72.53029,-,-,0.0,-0.0,42.3759,-72.513435,-,-,42.321026,-72.53429,-,-,-,-,-,-
13:15,42.37875,-72.534706,42.351562,-72.52856,-,-,0.0,-0.0,42.375786,-72.509514,-,-,42.320526,-72.53434,-,-,-,-,-,-
13:16,42.378387,-72.537186,42.351574,-72.525955,-,-,0.0,-0.0,42.376213,-72.50112,-,-,42.319504,-72.52867,-,-,-,-,-,-
13:17,42.378025,-72.53498,42.355663,-72.52115,-,-,0.0,-0.0,42.372032,-72.50144,-,-,42.31741,-72.52977,-,-,-,-,-,-
13:18,-,-,42.362663,-72.52071,-,-,0.0,-0.0,42.36927,-72.50061,-,-,42.308174,-72.52936,-,-,-,-,-,-
13:19,-,-,42.37189,-72.51972,-,-,0.0,-0.0,42.37117,-72.49861,-,-,42.30395,-72.5278,-,-,-,-,-,-
13:20,-,-,42.37444,-72.51981,-,-,0.0,-0.0,42.365097,-72.49091,-,-,42.294525,-72.53125,-,-,-,-,-,-
13:21,42.378063,-72.53539,42.376137,-72.519844,-,-,0.0,-0.0,42.359425,-72.48579,-,-,42.28891,-72.53614,-,-,-,-,-,-
13:22,42.37805,-72.53541,42.377533,-72.51979,-,-,0.0,-0.0,42.355755,-72.48532,-,-,42.284737,-72.547775,-,-,-,-,-,-
13:23,42.378036,-72.53539,42.37981,-72.519455,-,-,0.0,-0.0,42.35775,-72.48387,-,-,42.279743,-72.559364,-,-,-,-,-,-
13:24,42.378,-72.53542,42.38286,-72.5204,-,-,0.0,-0.0,42.353428,-72.47511,-,-,42.2721,-72.56539,-,-,-,-,-,-
13:25,42.37803,-72.53539,42.385765,-72.52191,-,-,0.0,-0.0,42.35472,-72.48029,-,-,42.266376,-72.5716,-,-,-,-,-,-
13:26,42.378002,-72.53541,42.387634,-72.52355,-,-,0.0,-0.0,42.354694,-72.48025,-,-,42.25921,-72.574554,-,-,-,-,-,-
13:27,42.378036,-72.5354,42.39104,-72.52521,-,-,0.0,-0.0,42.354664,-72.48013,-,-,42.25826,-72.57357,-,-,-,-,-,-
13:28,42.378,-72.53543,42.393826,-72.52615,-,-,0.0,-0.0,42.35471,-72.4801,-,-,42.25703,-72.572105,-,-,-,-,-,-
13:29,42.37797,-72.53545,42.39478,-72.52682,-,-,0.0,-0.0,42.354713,-72.48013,-,-,42.254898,-72.57296,-,-,-,-,-,-
13:30,42.37803,-72.53543,42.397434,-72.52796,-,-,0.0,-0.0,42.354782,-72.48024,-,-,42.254215,-72.57426,-,-,-,-,-,-
13:31,42.378033,-72.53541,42.403248,-72.52901,-,-,0.0,-0.0,42.35497,-72.48032,-,-,42.25419,-72.574196,-,-,-,-,-,-
13:32,42.378036,-72.53538,42.408005,-72.53027,-,-,0.0,-0.0,42.359802,-72.48608,-,-,42.254128,-72.57422,-,-,-,-,-,-
13:33,42.378036,-72.535385,42.40973,-72.533,-,-,0.0,-0.0,42.362183,-72.4881,-,-,42.25413,-72.57426,-,-,-,-,-,-
13:34,42.377983,-72.53544,42.409412,-72.53786,-,-,42.378223,-72.53719,42.365517,-72.491455,-,-,42.254173,-72.57431,-,-,-,-,-,-
13:35,42.37803,-72.53539,42.42034,-72.53692,-,-,42.37844,-72.535324,42.371025,-72.49887,-,-,42.25416,-72.574234,-,-,-,-,-,-
13:36,42.378098,-72.53538,42.43032,-72.5427,-,-,-,-,42.36924,-72.50045,-,-,42.254093,-72.57418,-,-,-,-,-,-
13:37,42.378048,-72.53547,42.44091,-72.550026,-,-,-,-,42.37154,-72.5015,-,-,42.254005,-72.57629,-,-,-,-,-,-
13:38,42.378044,-72.535446,42.44954,-72.55973,-,-,-,-,42.372707,-72.50128,-,-,42.25723,-72.57611,-,-,-,-,-,-
13:39,42.37804,-72.53543,42.45226,-72.56365,-,-,0.0,-0.0,42.376347,-72.500984,-,-,42.258312,-72.57535,-,-,-,-,-,-
13:40,-,-,42.45995,-72.57158,-,-,42.378475,-72.535126,42.375694,-72.507195,-,-,42.261772,-72.57267,-,-,-,-,-,-
13:41,42.378033,-72.53539,42.46548,-72.57619,-,-,42.378254,-72.53508,42.37593,-72.51229,-,-,42.26711,-72.56742,-,-,-,-,-,-
13:42,42.378025,-72.53542,42.46384,-72.58072,-,-,42.378212,-72.53512,42.37579,-72.512566,-,-,42.276173,-72.5645,-,-,-,-,-,-
13:43,42.37802,-72.53543,42.457584,-72.582184,-,-,42.37827,-72.535065,42.375607,-72.51696,-,-,42.281612,-72.555534,-,-,-,-,-,-
13:44,42.378048,-72.53543,42.457825,-72.58145,-,-,42.37816,-72.53508,42.375774,-72.51932,-,-,42.285793,-72.54314,-,-,-,-,-,-
13:45,42.378063,-72.53565,42.45792,-72.581436,-,-,42.378242,-72.53509,42.37598,-72.51998,-,-,42.291668,-72.53245,-,-,-,-,-,-
13:46,-,-,42.45785,-72.58145,-,-,42.378273,-72.53508,42.377537,-72.5199,-,-,42.301594,-72.527916,-,-,-,-,-,-
13:47,-,-,42.45786,-72.58227,-,-,42.37807,-72.53504,42.38064,-72.51935,-,-,42.30919,-72.529465,-,-,-,-,-,-
13:48,-,-,42.459366,-72.57885,-,-,42.37819,-72.53508,42.38139,-72.51929,-,-,42.31791,-72.5294,-,-,-,-,-,-
13:49,-,-,42.459244,-72.577995,-,-,42.378082,-72.53502,42.385155,-72.521805,-,-,42.320347,-72.533134,-,-,-,-,-,-
13:50,-,-,42.45508,-72.56812,-,-,42.378086,-72.53505,42.388004,-72.52393,-,-,42.321075,-72.53379,-,-,-,-,-,-
13:51,42.37807,-72.53687,42.45177,-72.56319,-,-,42.377827,-72.534996,42.392708,-72.52561,-,-,42.321854,-72.530785,-,-,-,-,-,-
13:52,42.378056,-72.53686,42.44962,-72.56003,-,-,42.377903,-72.53503,42.395287,-72.52706,-,-,42.323017,-72.52852,-,-,-,-,-,-
13:53,42.37808,-72.53689,42.440865,-72.550064,-,-,-,-,42.40339,-72.529236,-,-,42.325207,-72.53058,-,-,-,-,-,-
13:54,42.37798,-72.53689,42.430172,-72.54264,-,-,-,-,42.40637,-72.531204,-,-,42.325165,-72.53106,-,-,-,-,-,-
13:55,42.37808,-72.5369,42.4197,-72.53688,-,-,-,-,42.405945,-72.53254,-,-,42.325108,-72.529045,-,-,-,-,-,-
13:56,42.378105,-72.53695,42.409515,-72.53786,-,-,-,-,42.40595,-72.53251,-,-,42.323215,-72.52483,-,-,-,-,-,-
13:57,42.378075,-72.53693,42.409454,-72.5349,-,-,-,-,42.40581,-72.53245,-,-,42.330753,-72.52384,-,-,-,-,-,-
13:58,-,-,42.409657,-72.53089,-,-,-,-,42.40579,-72.53248,-,-,42.33874,-72.52084,-,-,-,-,-,-
13:59,-,-,42.40424,-72.52968,-,-,-,-,42.405735,-72.532486,-,-,42.34715,-72.52026,-,-,-,-,-,-
14:0,-,-,42.39942,-72.52802,-,-,42.377975,-72.53508,42.405716,-72.53257,-,-,42.351936,-72.52057,-,-,-,-,-,-
14:1,-,-,42.395298,-72.52711,-,-,-,-,42.405697,-72.532455,-,-,42.361107,-72.52077,-,-,-,-,-,-
14:2,-,-,42.393356,-72.52601,-,-,42.378082,-72.53506,42.40487,-72.530655,-,-,42.370377,-72.51981,-,-,-,-,-,-
14:3,-,-,42.39085,-72.52524,42.378017,-72.53532,42.3778,-72.53492,42.39988,-72.52796,-,-,42.373127,-72.51884,-,-,-,-,-,-
14:4,42.378056,-72.536934,42.38772,-72.523865,42.377995,-72.53526,0.0,-0.0,42.393764,-72.52614,-,-,42.373394,-72.519615,-,-,-,-,-,-
14:5,42.37804,-72.53691,42.386776,-72.52258,42.37798,-72.53525,42.37866,-72.535126,42.390976,-72.52525,-,-,42.374577,-72.51981,-,-,-,-,-,-
14:6,42.378063,-72.5369,42.38164,-72.51953,42.378014,-72.53527,-,-,42.387733,-72.52381,-,-,42.375477,-72.51987,-,-,-,-,-,-
14:7,-,-,42.377842,-72.51994,42.378048,-72.53528,-,-,42.385715,-72.52228,-,-,42.37735,-72.519875,-,-,-,-,-,-
14:8,-,-,42.37694,-72.51993,42.378056,-72.53527,42.378307,-72.53522,42.38182,-72.51972,0.0,-0.0,42.379642,-72.51958,-,-,-,-,-,-
14:9,-,-,42.374275,-72.51986,42.378082,-72.53528,42.378403,-72.535225,42.378918,-72.51985,0.0,-0.0,42.38367,-72.5209,-,-,-,-,-,-
14:10,42.378056,-72.536545,42.36697,-72.52025,42.37803,-72.53528,42.378307,-72.53525,42.37775,-72.520004,-,-,42.385937,-72.52363,-,-,-,-,-,-
14:11,42.37805,-72.53653,42.35746,-72.52093,42.378033,-72.53528,42.37804,-72.535225,42.375904,-72.51971,-,-,42.38703,-72.52648,-,-,-,-,-,-
14:12,42.378063,-72.53622,42.351597,-72.52578,42.378056,-72.53527,42.37794,-72.535255,42.37566,-72.519844,-,-,42.385517,-72.52583,-,-,-,-,-,-
14:13,42.378033,-72.53574,42.350372,-72.527405,42.378044,-72.53527,42.377647,-72.53519,42.375904,-72.51474,-,-,42.385254,-72.521736,-,-,-,-,-,-
14:14,42.378044,-72.53613,42.34888,-72.5289,42.378044,-72.53527,42.407326,-72.51371,42.37575,-72.50652,-,-,42.38154,-72.51936,-,-,-,-,-,-
14:15,42.378048,-72.536385,42.348904,-72.53055,-,-,42.378117,-72.53549,42.376232,-72.50136,-,-,42.378815,-72.52,-,-,-,-,-,-
14:16,42.37801,-72.53634,42.35073,-72.530266,-,-,42.378265,-72.53518,42.37174,-72.501434,-,-,42.376945,-72.51994,-,-,-,-,-,-
14:17,42.37803,-72.53608,42.352333,-72.52332,-,-,-,-,42.3692,-72.50038,-,-,42.375427,-72.52001,-,-,-,-,-,-
14:18,42.37803,-72.5361,42.355694,-72.52097,-,-,-,-,42.370945,-72.4982,-,-,42.37354,-72.51976,-,-,-,-,-,-
14:19,42.378063,-72.53587,42.360786,-72.52074,-,-,-,-,42.363125,-72.48896,-,-,42.37231,-72.51874,-,-,-,-,-,-
14:20,42.37809,-72.536026,42.36642,-72.52027,-,-,-,-,42.359097,-72.48541,-,-,42.37314,-72.51962,-,-,-,-,-,-
14:21,42.37811,-72.53605,42.37297,-72.51974,42.37802,-72.53528,-,-,42.35599,-72.48509,-,-,42.36735,-72.52014,-,-,-,-,-,-
14:22,42.378044,-72.536095,42.374737,-72.51973,-,-,-,-,42.35706,-72.48302,-,-,42.357376,-72.52093,-,-,-,-,-,-
14:23,42.378036,-72.53608,42.374706,-72.51972,-,-,-,-,42.35336,-72.47777,-,-,42.34729,-72.52023,-,-,-,-,-,-
14:24,42.378033,-72.53593,42.37472,-72.5197,-,-,-,-,42.35467,-72.48022,-,-,42.340256,-72.520164,-,-,-,-,-,-
14:25,42.378025,-72.53597,42.375343,-72.51973,-,-,-,-,42.35468,-72.48019,-,-,42.33628,-72.52268,-,-,-,-,-,-
14:26,42.37807,-72.535965,42.377354,-72.51979,-,-,-,-,42.35469,-72.480194,-,-,42.32507,-72.524506,-,-,-,-,-,-
14:27,42.378094,-72.53571,42.37743,-72.51988,-,-,-,-,42.354687,-72.48017,-,-,42.325134,-72.52849,-,-,-,-,-,-
14:28,42.378067,-72.536194,42.379795,-72.5195,42.37803,-72.53526,-,-,42.35472,-72.48014,-,-,42.32535,-72.531296,-,-,-,-,-,-
14:29,42.378056,-72.53613,42.382812,-72.520355,42.378033,-72.53521,-,-,42.35475,-72.47998,-,-,-,-,-,-,-,-,-,-
14:30,42.378014,-72.53615,42.387646,-72.52349,42.378036,-72.53521,-,-,42.354694,-72.48001,-,-,-,-,-,-,-,-,-,-
14:31,42.378098,-72.536224,42.39098,-72.52515,42.378044,-72.53522,-,-,42.35571,-72.48047,-,-,-,-,-,-,-,-,-,-
14:32,42.378128,-72.53645,42.392395,-72.52553,42.378048,-72.535225,-,-,42.362164,-72.48806,-,-,42.32494,-72.53069,-,-,-,-,-,-
14:33,42.378136,-72.53648,42.394684,-72.5266,42.37804,-72.535225,-,-,42.36391,-72.48952,-,-,42.322075,-72.53,-,-,-,-,-,-
14:34,42.37816,-72.5363,42.401367,-72.52803,42.378036,-72.53523,-,-,42.370773,-72.497986,-,-,42.321877,-72.530876,-,-,-,-,-,-
14:35,42.37818,-72.53627,42.405464,-72.52973,42.378036,-72.53523,-,-,42.36919,-72.499374,-,-,42.32076,-72.53396,-,-,-,-,-,-
14:36,42.378098,-72.53628,42.40971,-72.53083,42.378036,-72.535225,-,-,42.369823,-72.50223,-,-,42.32024,-72.53315,-,-,-,-,-,-
14:37,42.378067,-72.53632,42.409267,-72.537865,42.378147,-72.53658,-,-,42.374523,-72.500854,-,-,42.318653,-72.52873,-,-,-,-,-,-
14:38,42.378445,-72.53717,42.420486,-72.53695,42.378887,-72.536804,-,-,42.375725,-72.50639,-,-,42.31029,-72.52979,-,-,-,-,-,-
14:39,42.37876,-72.53493,42.43124,-72.54348,42.377995,-72.53424,0.0,-0.0,42.37582,-72.51069,-,-,42.30293,-72.52766,-,-,-,-,-,-
14:40,42.379555,-72.53402,42.441734,-72.55093,42.377636,-72.53221,42.378006,-72.53656,42.375835,-72.51667,-,-,42.293606,-72.53141,-,-,-,-,-,-
14:41,42.382507,-72.53375,42.450054,-72.56052,42.382465,-72.53175,42.37796,-72.536545,42.37561,-72.51914,-,-,42.286377,-72.5416,-,-,-,-,-,-
14:42,42.383945,-72.5359,42.452385,-72.563896,42.385025,-72.53121,42.37803,-72.53572,42.37691,-72.51993,-,-,42.28264,-72.55289,-,-,-,-,-,-
14:43,42.382664,-72.539406,42.46104,-72.572365,42.38483,-72.5273,42.378006,-72.53565,42.38022,-72.519394,-,-,42.27709,-72.56375,-,-,-,-,-,-
14:44,42.390354,-72.54014,42.465393,-72.57601,42.385906,-72.52303,42.378006,-72.53638,42.38582,-72.52211,-,-,42.26767,-72.56714,-,-,-,-,-,-
14:45,42.4012,-72.538826,42.465816,-72.57988,42.38767,-72.523315,42.37803,-72.536255,42.387768,-72.52354,-,-,42.2622,-72.57263,-,-,-,-,-,-
14:46,42.408867,-72.53788,42.45876,-72.58239,42.389816,-72.52493,42.378082,-72.536316,42.387733,-72.52355,-,-,42.258022,-72.57305,-,-,-,-,-,-
14:47,42.41516,-72.53712,42.457733,-72.5814,42.391663,-72.52525,42.37813,-72.53603,42.387726,-72.52357,-,-,42.25674,-72.57216,-,-,-,-,-,-
14:48,42.425762,-72.53917,-,-,42.393925,-72.52607,42.378048,-72.53603,42.391052,-72.525185,-,-,42.254436,-72.573395,-,-,-,-,-,-
14:49,42.43508,-72.54615,-,-,42.397823,-72.528015,42.37802,-72.5359,42.393875,-72.526085,-,-,-,-,-,-,-,-,-,-
14:50,42.44436,-72.55336,-,-,42.404724,-72.529655,42.37806,-72.536064,42.397053,-72.527794,-,-,-,-,-,-,-,-,-,-
14:51,42.45139,-72.56245,-,-,42.406357,-72.53131,42.37802,-72.5361,42.401077,-72.527916,-,-,-,-,-,-,-,-,-,-
14:52,42.457344,-72.56912,-,-,42.405655,-72.53249,42.37804,-72.53619,42.406242,-72.53153,-,-,-,-,-,-,-,-,-,-
14:53,42.46518,-72.575584,-,-,42.405014,-72.530556,42.378044,-72.53617,42.405983,-72.532455,-,-,-,-,-,-,-,-,-,-
14:54,42.467487,-72.58439,-,-,42.407513,-72.53016,42.378227,-72.5362,42.40579,-72.53245,-,-,-,-,-,-,-,-,-,-
14:55,42.46731,-72.59438,-,-,42.40996,-72.53127,42.377953,-72.53619,42.405804,-72.5324,-,-,42.254124,-72.574135,-,-,-,-,-,-
14:56,42.467983,-72.60715,42.457756,-72.581474,42.40912,-72.537796,42.37808,-72.536095,42.405693,-72.532364,-,-,42.253574,-72.57459,-,-,-,-,-,-
14:57,42.471775,-72.61115,42.457905,-72.582184,42.41749,-72.53681,42.378067,-72.53648,42.40578,-72.53243,-,-,42.254112,-72.57665,-,-,-,-,-,-
14:58,42.477135,-72.608475,42.45878,-72.57514,42.427704,-72.54046,42.378,-72.53653,42.405746,-72.53244,-,-,42.257504,-72.576035,-,-,-,-,-,-
14:59,42.477642,-72.610634,42.455074,-72.56811,42.43641,-72.54682,42.378326,-72.53616,42.405792,-72.53241,-,-,42.259552,-72.5742,-,-,-,-,-,-
15:0,42.47724,-72.613655,42.45151,-72.562805,42.44516,-72.55384,42.37813,-72.53619,42.405815,-72.53239,-,-,42.26628,-72.57156,-,-,-,-,-,-
15:1,42.47015,-72.61476,42.448,-72.556885,42.45116,-72.562065,42.378086,-72.53629,42.405525,-72.532364,-,-,42.27253,-72.565475,-,-,-,-,-,-
15:2,42.466145,-72.61751,42.438267,-72.54783,42.45714,-72.5689,42.377995,-72.5364,42.404915,-72.5308,-,-,42.279957,-72.559,-,-,-,-,-,-
15:3,42.45724,-72.61776,42.431786,-72.544,42.46476,-72.57497,42.378033,-72.536354,42.403698,-72.52941,-,-,42.284992,-72.547165,-,-,-,-,-,-
15:4,42.443264,-72.62032,42.42008,-72.5369,42.46615,-72.57971,42.37874,-72.537155,42.398087,-72.528076,-,-,42.289314,-72.5349,-,-,-,-,-,-
15:5,42.433247,-72.62278,42.40934,-72.537895,42.460056,-72.58193,42.378666,-72.534424,42.395523,-72.527145,-,-,42.299393,-72.529625,-,-,-,-,-,-
15:6,42.438004,-72.62424,42.409645,-72.53338,42.457504,-72.58157,42.3802,-72.53403,42.39337,-72.525955,-,-,42.307045,-72.53065,-,-,-,-,-,-
15:7,42.447353,-72.626335,42.40983,-72.53088,42.45796,-72.58259,42.38227,-72.53238,42.390858,-72.52516,-,-,42.3162,-72.5303,-,-,-,-,-,-
15:8,42.45654,-72.62328,42.40399,-72.529625,42.459797,-72.58131,42.382973,-72.53193,42.38786,-72.52384,-,-,42.320095,-72.53117,-,-,-,-,-,-
15:9,42.46542,-72.6181,42.396282,-72.527504,42.4583,-72.57255,42.38501,-72.53089,42.386196,-72.52244,-,-,42.321136,-72.533905,-,-,-,-,-,-
15:10,42.468884,-72.61318,42.394836,-72.52679,42.45457,-72.56669,42.38554,-72.52507,42.38277,-72.520454,-,-,42.321873,-72.530975,-,-,-,-,-,-
15:11,42.466927,-72.60046,42.393345,-72.52592,42.450947,-72.561935,42.387062,-72.52645,42.379906,-72.519455,-,-,42.323044,-72.52845,-,-,-,-,-,-
15:12,42.467205,-72.59462,42.389885,-72.52501,42.44401,-72.55318,42.38547,-72.52577,42.37783,-72.51994,-,-,42.325256,-72.53077,-,-,-,-,-,-
15:13,42.46735,-72.58406,42.387417,-72.52334,42.434643,-72.54592,42.38581,-72.5227,42.377186,-72.51991,-,-,42.32485,-72.53084,-,-,-,-,-,-
15:14,42.46606,-72.577805,42.38525,-72.5218,42.4252,-72.53891,42.38163,-72.51947,42.375893,-72.519806,-,-,42.324936,-72.52883,-,-,-,-,-,-
15:15,42.458492,-72.5703,42.38003,-72.519485,42.414757,-72.53721,42.37948,-72.51969,42.3756,-72.51916,-,-,42.323277,-72.52507,-,-,-,-,-,-
15:16,42.451176,-72.56226,42.378372,-72.51994,42.408916,-72.537964,42.37778,-72.520004,42.375866,-72.51363,-,-,42.32977,-72.524025,-,-,-,-,-,-
15:17,42.444046,-72.553154,42.37782,-72.52001,42.409664,-72.53274,42.376152,-72.519936,42.37579,-72.51087,-,-,42.335186,-72.52313,-,-,-,-,-,-
15:18,42.434475,-72.54583,42.377388,-72.519905,42.40731,-72.53015,42.37508,-72.51985,42.37562,-72.50705,-,-,42.34335,-72.5203,-,-,-,-,-,-
15:19,42.424843,-72.538635,42.376053,-72.51992,42.400272,-72.52793,42.373306,-72.51981,42.37621,-72.50096,-,-,42.34886,-72.51998,-,-,-,-,-,-
15:20,42.41348,-72.53733,42.374386,-72.51987,42.39407,-72.52642,42.372406,-72.519775,42.372955,-72.50121,-,-,42.3572,-72.52091,-,-,-,-,-,-
15:21,42.406155,-72.53826,42.373474,-72.5198,42.3911,-72.5253,42.372993,-72.518776,42.36924,-72.50131,-,-,42.367516,-72.52014,-,-,-,-,-,-
15:22,42.393635,-72.5398,42.372288,-72.51973,42.3882,-72.52423,42.373226,-72.51938,42.371056,-72.49856,-,-,42.37239,-72.518814,-,-,-,-,-,-
15:23,42.38482,-72.54278,42.36377,-72.520744,42.38611,-72.52248,42.371876,-72.51972,42.366444,-72.49272,-,-,42.373096,-72.51889,-,-,-,-,-,-
15:24,42.38401,-72.535286,42.355896,-72.520996,42.382755,-72.520485,42.364655,-72.52058,42.362774,-72.488556,-,-,42.373234,-72.51957,-,-,-,-,-,-
15:25,42.38229,-72.53187,42.353523,-72.5226,42.381668,-72.51916,42.356113,-72.52098,42.35813,-72.48501,-,-,42.374607,-72.51979,-,-,-,-,-,-
15:26,42.38066,-72.53395,42.35157,-72.526054,42.38717,-72.51699,42.34869,-72.52,42.356026,-72.48498,-,-,42.37507,-72.51984,-,-,-,-,-,-
15:27,42.378765,-72.53518,42.350075,-72.52742,42.39509,-72.51552,42.339283,-72.520485,42.35818,-72.48487,-,-,42.377266,-72.51994,-,-,-,-,-,-
15:28,42.37829,-72.53717,42.34885,-72.5289,42.40346,-72.515076,42.330692,-72.52388,42.353554,-72.475174,-,-,42.37759,-72.5199,-,-,-,-,-,-
15:29,42.37801,-72.535965,42.34848,-72.529015,42.411716,-72.5134,42.323235,-72.52504,42.35373,-72.479546,-,-,42.379772,-72.519516,-,-,-,-,-,-
15:30,42.378002,-72.53598,42.34961,-72.53029,42.413,-72.50978,42.325153,-72.5288,42.354797,-72.480225,-,-,42.38238,-72.520164,-,-,-,-,-,-
15:31,42.378036,-72.53594,42.350563,-72.53026,42.41287,-72.50647,42.324905,-72.53105,42.3557,-72.48045,-,-,42.38572,-72.524734,-,-,-,-,-,-
15:32,42.378216,-72.53539,42.35149,-72.526505,42.41546,-72.5074,42.32392,-72.52849,42.361633,-72.48772,-,-,42.38703,-72.52641,-,-,-,-,-,-
15:33,42.378147,-72.53643,42.353344,-72.522606,42.414173,-72.508385,42.322006,-72.5303,42.365265,-72.49123,-,-,42.386948,-72.52644,-,-,-,-,-,-
15:34,42.37811,-72.53631,42.355595,-72.52096,42.412968,-72.513145,42.321346,-72.53425,42.371136,-72.49845,-,-,42.38676,-72.526596,-,-,-,-,-,-
15:35,42.378136,-72.53644,42.362442,-72.52072,42.413456,-72.51665,42.32118,-72.53412,42.369183,-72.49939,-,-,42.38524,-72.52569,-,-,-,-,-,-
15:36,42.37817,-72.53638,42.372242,-72.51969,42.414967,-72.5191,42.320095,-72.53101,42.36943,-72.502075,-,-,42.38418,-72.52121,-,-,-,-,-,-
15:37,42.378326,-72.53668,42.37443,-72.51981,42.416187,-72.52004,42.318764,-72.5285,42.373928,-72.501015,-,-,42.378468,-72.5199,-,-,-,-,-,-
15:38,42.37811,-72.53643,42.374702,-72.51971,42.417458,-72.52362,42.31131,-72.5301,42.376232,-72.50051,-,-,42.377647,-72.51983,-,-,-,-,-,-
15:39,42.378166,-72.536385,42.37525,-72.519775,42.417206,-72.527115,42.303883,-72.52782,42.375874,-72.50312,-,-,42.37602,-72.51978,-,-,-,-,-,-
15:40,42.378117,-72.53629,42.376434,-72.51983,42.41123,-72.530556,42.29482,-72.5312,42.37574,-72.50901,-,-,42.374355,-72.51984,-,-,-,-,-,-
15:41,42.378086,-72.53623,42.377575,-72.51979,42.409885,-72.531006,42.28754,-72.53831,42.375767,-72.51523,-,-,42.373417,-72.51984,-,-,-,-,-,-
15:42,42.37807,-72.53626,42.379814,-72.51948,42.40318,-72.52913,42.283817,-72.54979,42.375706,-72.51942,-,-,42.373,-72.51885,-,-,-,-,-,-
15:43,42.37808,-72.53621,42.381405,-72.51926,42.39648,-72.52759,42.278866,-72.55986,42.377377,-72.519844,-,-,42.37312,-72.51886,-,-,-,-,-,-
15:44,42.37805,-72.53583,42.386234,-72.52239,42.39332,-72.526,42.271557,-72.56571,42.379715,-72.51952,-,-,42.370075,-72.51985,-,-,-,-,-,-
15:45,42.37806,-72.535835,42.387653,-72.52352,42.390774,-72.52524,42.266613,-72.57127,42.38294,-72.52045,-,-,42.358685,-72.52077,-,-,-,-,-,-
15:46,42.378044,-72.535805,42.38771,-72.523445,42.387745,-72.523895,42.259274,-72.57449,42.386265,-72.52241,-,-,42.351345,-72.52014,-,-,-,-,-,-
15:47,42.37806,-72.535835,42.38766,-72.523605,42.387215,-72.52303,42.259266,-72.57466,42.387455,-72.5233,-,-,42.340977,-72.519936,-,-,-,-,-,-
15:48,42.378033,-72.535805,42.387627,-72.5236,42.386,-72.522514,42.25789,-72.57277,42.388107,-72.52413,-,-,42.339844,-72.52016,-,-,-,-,-,-
15:49,42.378242,-72.53578,42.39084,-72.52514,42.38502,-72.52804,42.255642,-72.572426,42.391098,-72.52529,-,-,42.331245,-72.52386,-,-,-,-,-,-
15:50,42.378864,-72.53714,42.39331,-72.525856,42.384922,-72.53255,42.254307,-72.57424,42.39394,-72.526245,-,-,42.32324,-72.52523,-,-,-,-,-,-
15:51,42.37886,-72.53401,42.393852,-72.52612,42.379745,-72.53204,42.25448,-72.57433,42.4013,-72.52803,-,-,42.32512,-72.529625,-,-,-,-,-,-
15:52,42.382027,-72.533775,42.396263,-72.527435,42.377705,-72.53427,42.254227,-72.574066,42.406303,-72.52982,-,-,42.325184,-72.53078,-,-,-,-,-,-
15:53,42.382305,-72.53196,42.403584,-72.52928,42.378895,-72.53726,-,-,42.405796,-72.53245,-,-,42.324966,-72.53048,-,-,-,-,-,-
15:54,42.38471,-72.532425,42.407833,-72.53022,42.378204,-72.53645,-,-,-,-,-,-,42.322792,-72.528534,-,-,-,-,-,-
15:55,42.38508,-72.53114,42.40927,-72.53064,-,-,-,-,-,-,-,-,42.321846,-72.53206,-,-,-,-,-,-
15:56,42.389206,-72.53232,42.409935,-72.53121,-,-,-,-,-,-,-,-,42.321037,-72.533615,-,-,-,-,-,-
15:57,42.394466,-72.53435,42.410503,-72.53769,-,-,-,-,-,-,-,-,42.320255,-72.534256,-,-,-,-,-,-
15:58,42.39533,-72.52969,42.42245,-72.53743,42.3782,-72.536446,-,-,-,-,-,-,42.31941,-72.52836,-,-,-,-,-,-
15:59,42.3951,-72.52689,42.433174,-72.545,42.3782,-72.536446,-,-,-,-,-,-,42.319195,-72.528,-,-,-,-,-,-
16:0,42.39062,-72.52514,42.44367,-72.55282,42.37821,-72.53645,-,-,-,-,-,-,42.311935,-72.53031,-,-,-,-,-,-
16:1,42.386395,-72.5224,42.451492,-72.56252,42.3782,-72.53644,-,-,42.404976,-72.53225,-,-,42.30479,-72.528366,-,-,-,-,-,-
16:2,42.38344,-72.52082,42.454548,-72.56645,42.378216,-72.536446,-,-,42.40312,-72.5291,-,-,42.30169,-72.52771,-,-,-,-,-,-
16:3,42.379745,-72.51953,42.464077,-72.57424,42.37822,-72.536446,-,-,42.40313,-72.52918,-,-,42.29116,-72.53281,-,-,-,-,-,-
16:4,42.377705,-72.51989,42.464172,-72.580574,42.37822,-72.53645,-,-,42.39396,-72.52625,-,-,42.285522,-72.54428,-,-,-,-,-,-
16:5,42.375835,-72.51987,42.45759,-72.58215,42.378216,-72.53642,-,-,42.39329,-72.52585,-,-,42.28112,-72.55669,-,-,-,-,-,-
16:6,42.37569,-72.523445,42.457783,-72.58144,42.378216,-72.53645,-,-,42.39077,-72.52516,-,-,42.275192,-72.565,-,-,-,-,-,-
16:7,42.373905,-72.53236,42.45772,-72.58145,42.378235,-72.53646,-,-,42.387753,-72.52391,-,-,42.266445,-72.56835,-,-,-,-,-,-
16:8,42.373375,-72.53292,42.457714,-72.581436,42.378216,-72.53644,-,-,42.386074,-72.52246,-,-,42.261063,-72.572815,-,-,-,-,-,-
16:9,42.36817,-72.53354,42.459282,-72.58217,-,-,-,-,42.383377,-72.52077,-,-,42.258957,-72.57482,-,-,-,-,-,-
16:10,42.36802,-72.53473,42.458393,-72.5729,-,-,-,-,42.38096,-72.5193,-,-,42.257523,-72.57196,-,-,-,-,-,-
16:11,42.36628,-72.53403,42.45459,-72.56665,-,-,-,-,42.37784,-72.52,-,-,42.25434,-72.5736,-,-,-,-,-,-
16:12,42.365673,-72.53689,42.45151,-72.56274,42.378265,-72.536514,-,-,42.377655,-72.5199,-,-,42.254208,-72.57405,-,-,-,-,-,-
16:13,42.36575,-72.53764,42.447117,-72.5554,42.378254,-72.53651,-,-,42.375935,-72.5198,-,-,42.254192,-72.57406,-,-,-,-,-,-
16:14,42.36562,-72.53894,42.43729,-72.54723,42.37825,-72.5365,-,-,42.3756,-72.51951,-,-,42.25416,-72.5741,-,-,-,-,-,-
16:15,42.36362,-72.53973,42.42633,-72.53962,42.378246,-72.53648,-,-,42.375893,-72.51336,-,-,42.2542,-72.57402,-,-,-,-,-,-
16:16,42.36343,-72.53932,42.414124,-72.537285,42.378204,-72.53642,-,-,42.375824,-72.51063,-,-,42.25417,-72.57403,-,-,-,-,-,-
16:17,42.366398,-72.533646,42.408886,-72.5377,-,-,-,-,42.375706,-72.50558,-,-,42.25399,-72.57616,-,-,-,-,-,-
16:18,42.366856,-72.53284,42.40969,-72.5329,-,-,-,-,42.376354,-72.50066,-,-,42.254223,-72.57698,-,-,-,-,-,-
16:19,42.36813,-72.53475,42.40905,-72.5307,-,-,0.0,-0.0,42.37303,-72.50115,-,-,42.25748,-72.57595,-,-,-,-,-,-
16:20,42.367462,-72.53474,42.403316,-72.52916,-,-,0.0,-0.199514,42.369312,-72.50162,-,-,42.25889,-72.57502,-,-,-,-,-,-
16:21,42.367672,-72.53368,42.398376,-72.528145,-,-,-,-,42.370235,-72.49903,-,-,42.266155,-72.57148,-,-,-,-,-,-
16:22,42.36806,-72.533585,42.394833,-72.52677,42.378284,-72.53648,0.0,-0.0,42.371166,-72.498535,-,-,42.271038,-72.56576,-,-,-,-,-,-
16:23,42.371258,-72.5331,42.391323,-72.52527,42.378235,-72.53632,0.0,-0.0,42.364326,-72.49001,-,-,42.279015,-72.55969,-,-,-,-,-,-
16:24,42.374084,-72.530914,42.38784,-72.52393,42.378227,-72.53637,42.26335,-72.57221,42.362297,-72.488266,-,-,42.284084,-72.54935,-,-,-,-,-,-
16:25,42.375854,-72.52211,42.38595,-72.52246,42.37821,-72.53671,42.266773,-72.56713,42.35701,-72.48523,-,-,42.28839,-72.53727,-,-,-,-,-,-
16:26,42.375877,-72.52061,42.38143,-72.51929,42.378872,-72.536415,42.27654,-72.56419,42.35692,-72.485214,-,-,42.297615,-72.53073,-,-,-,-,-,-
16:27,42.376823,-72.51984,42.377827,-72.51999,42.377617,-72.53428,42.281536,-72.55578,42.357616,-72.48371,-,-,42.306,-72.529655,-,-,-,-,-,-
16:28,42.379433,-72.51967,42.37779,-72.51993,42.377563,-72.532394,42.285583,-72.54401,42.353313,-72.47566,-,-,42.314453,-72.5309,-,-,-,-,-,-
16:29,42.384148,-72.51817,42.37785,-72.51994,42.381325,-72.53179,42.290035,-72.533455,42.354668,-72.48016,-,-,42.3197,-72.52895,-,-,-,-,-,-
16:30,42.3888,-72.51706,42.37591,-72.51991,42.384903,-72.53229,42.29969,-72.52928,42.354725,-72.48016,-,-,42.32103,-72.53366,-,-,-,-,-,-
16:31,42.389095,-72.51884,42.375725,-72.5199,42.38514,-72.5312,42.307007,-72.53065,42.356907,-72.482475,-,-,42.32191,-72.531525,-,-,-,-,-,-
16:32,42.39126,-72.51985,42.373646,-72.519844,42.388203,-72.531876,42.314518,-72.53079,42.356876,-72.48244,-,-,42.322483,-72.52907,-,-,-,-,-,-
16:33,42.39279,-72.51819,42.36599,-72.52039,42.39282,-72.53328,42.319572,-72.52868,42.36228,-72.4881,-,-,42.325115,-72.52997,-,-,-,-,-,-
16:34,42.39507,-72.51555,42.356785,-72.520996,42.39495,-72.53339,42.320858,-72.53426,42.366886,-72.49326,-,-,42.324932,-72.53105,-,-,-,-,-,-
16:35,-,-,42.35164,-72.52558,42.394688,-72.53394,42.321903,-72.53043,42.371155,-72.49867,-,-,42.32384,-72.526665,-,-,-,-,-,-
16:36,42.396507,-72.52356,42.349514,-72.52846,42.39475,-72.53385,42.32415,-72.52837,42.369267,-72.499825,-,-,42.32803,-72.52427,-,-,-,-,-,-
16:37,42.394836,-72.52803,42.348877,-72.528915,42.39393,-72.534134,42.32328,-72.52599,42.36935,-72.5019,-,-,42.33793,-72.52137,-,-,-,-,-,-
16:38,42.395123,-72.53409,42.348866,-72.52892,-,-,42.32691,-72.52426,42.372635,-72.50122,-,-,42.341,-72.51985,-,-,-,-,-,-
16:39,42.393158,-72.53252,42.348846,-72.528915,-,-,42.33626,-72.52261,42.37583,-72.50052,-,-,42.349575,-72.51974,-,-,-,-,-,-
16:40,42.39371,-72.53326,42.34859,-72.528946,-,-,42.340607,-72.52001,42.375816,-72.50692,-,-,42.35831,-72.520905,-,-,-,-,-,-
16:41,42.393677,-72.53325,42.35035,-72.530266,-,-,42.349297,-72.519936,42.375927,-72.51189,-,-,42.365795,-72.52039,-,-,-,-,-,-
16:42,42.393703,-72.53324,42.35158,-72.52936,0.0,-0.0,42.355602,-72.520775,42.375893,-72.516685,-,-,42.372353,-72.51961,-,-,-,-,-,-
16:43,42.393776,-72.53285,42.35355,-72.52251,42.394695,-72.533966,42.360504,-72.52084,42.37565,-72.51944,-,-,42.373215,-72.518974,-,-,-,-,-,-
16:44,42.394936,-72.53369,42.355713,-72.520935,42.394695,-72.53396,42.369904,-72.51996,42.37575,-72.51959,-,-,42.37459,-72.519775,-,-,-,-,-,-
16:45,42.39478,-72.53407,42.362453,-72.52065,42.3944,-72.53304,42.37266,-72.51893,42.377556,-72.51982,-,-,42.375275,-72.51988,-,-,-,-,-,-
16:46,42.394825,-72.534004,42.371513,-72.51972,42.39407,-72.53291,42.376045,-72.516716,42.377552,-72.51993,-,-,42.377365,-72.51986,-,-,-,-,-,-
16:47,-,-,42.374466,-72.51981,42.394215,-72.53293,42.37561,-72.51929,42.37979,-72.51952,-,-,42.3796,-72.51961,-,-,-,-,-,-
16:48,-,-,42.3756,-72.51982,42.394276,-72.53291,42.37857,-72.5196,42.38129,-72.519264,-,-,42.381077,-72.5193,-,-,-,-,-,-
16:49,-,-,42.37638,-72.519875,42.394253,-72.533,42.382668,-72.5202,42.38451,-72.52141,-,-,42.38447,-72.52139,-,-,-,-,-,-
16:50,-,-,42.377483,-72.51987,42.39429,-72.53297,42.386017,-72.523575,42.38774,-72.52355,-,-,42.38597,-72.523895,-,-,-,-,-,-
16:51,-,-,42.38061,-72.519325,42.394527,-72.53296,42.384846,-72.528465,42.39044,-72.52511,-,-,42.38717,-72.52642,-,-,-,-,-,-
16:52,-,-,42.385403,-72.521805,42.394264,-72.53311,42.387993,-72.53149,42.39245,-72.52551,-,-,42.38584,-72.52591,-,-,-,-,-,-
16:53,-,-,42.387756,-72.52351,42.39443,-72.533104,42.39273,-72.53365,42.394432,-72.526566,-,-,42.385685,-72.523895,-,-,-,-,-,-
16:54,-,-,42.391083,-72.52519,-,-,42.394978,-72.53355,42.399704,-72.52796,-,-,42.383423,-72.52079,-,-,-,-,-,-
16:55,-,-,42.39395,-72.5261,-,-,42.394836,-72.533745,42.403923,-72.529495,-,-,42.380283,-72.519424,-,-,-,-,-,-
16:56,42.394314,-72.53288,42.396507,-72.52753,-,-,42.394608,-72.533875,42.406345,-72.53124,-,-,42.37789,-72.52002,-,-,-,-,-,-
16:57,42.394283,-72.53303,42.403637,-72.52932,-,-,-,-,42.40577,-72.53246,-,-,42.37643,-72.51993,-,-,-,-,-,-
16:58,42.39435,-72.532745,42.409195,-72.530655,-,-,-,-,42.405766,-72.53239,-,-,42.375027,-72.5199,-,-,-,-,-,-
16:59,-,-,42.409622,-72.53366,-,-,-,-,42.405773,-72.53244,-,-,42.37426,-72.519875,-,-,-,-,-,-
17:0,-,-,42.40922,-72.53784,-,-,-,-,42.40581,-72.53248,-,-,42.373398,-72.51984,-,-,-,-,-,-
17:1,-,-,42.42008,-72.53689,-,-,42.394405,-72.53298,42.40571,-72.53247,-,-,42.37312,-72.51882,-,-,-,-,-,-
17:2,-,-,42.430748,-72.54299,-,-,42.39411,-72.532875,42.404987,-72.53077,-,-,42.372463,-72.5198,-,-,-,-,-,-
17:3,-,-,42.433544,-72.54523,-,-,42.394115,-72.53282,42.403202,-72.52907,-,-,42.36288,-72.520744,-,-,-,-,-,-
17:4,-,-,42.444065,-72.55311,-,-,42.394268,-72.53289,42.397324,-72.52793,-,-,42.354847,-72.5208,-,-,-,-,-,-
17:5,-,-,42.45169,-72.56281,-,-,42.394283,-72.53292,42.394554,-72.52666,-,-,42.3479,-72.520164,-,-,-,-,-,-
17:6,-,-,42.45357,-72.5654,-,-,-,-,42.391827,-72.525314,-,-,42.340267,-72.52017,-,-,-,-,-,-
17:7,-,-,42.462936,-72.57341,-,-,-,-,42.389133,-72.5246,-,-,42.33469,-72.523315,-,-,-,-,-,-
17:8,-,-,42.46592,-72.57985,-,-,-,-,42.387707,-72.52359,-,-,42.32855,-72.52415,-,-,-,-,-,-
17:9,-,-,42.460457,-72.581825,-,-,-,-,42.385475,-72.5219,-,-,42.32433,-72.526955,-,-,-,-,-,-
17:10,-,-,42.457752,-72.58148,-,-,-,-,42.380756,-72.519356,-,-,42.325138,-72.53118,-,-,-,-,-,-
17:11,-,-,-,-,-,-,-,-,42.37784,-72.51996,-,-,42.325104,-72.5289,-,-,-,-,-,-
17:12,-,-,-,-,-,-,-,-,42.377766,-72.51999,-,-,42.32217,-72.52975,-,-,-,-,-,-
17:13,-,-,-,-,-,-,-,-,42.375942,-72.52002,-,-,42.32166,-72.534294,-,-,-,-,-,-
17:14,-,-,-,-,-,-,-,-,42.375626,-72.51971,-,-,42.32035,-72.53438,-,-,-,-,-,-
17:15,-,-,-,-,-,-,-,-,42.375893,-72.51572,-,-,42.319206,-72.52803,-,-,-,-,-,-
17:16,-,-,-,-,-,-,-,-,42.375824,-72.51113,-,-,42.31502,-72.53063,-,-,-,-,-,-
17:17,-,-,-,-,-,-,-,-,42.3757,-72.50737,-,-,42.306328,-72.53036,-,-,-,-,-,-
17:18,-,-,-,-,-,-,-,-,42.376266,-72.501114,-,-,42.301586,-72.52787,-,-,-,-,-,-
17:19,-,-,-,-,-,-,-,-,42.374844,-72.50076,-,-,42.290905,-72.53302,-,-,-,-,-,-
17:20,-,-,-,-,-,-,-,-,42.373177,-72.501205,-,-,42.285515,-72.544426,-,-,-,-,-,-
17:21,-,-,-,-,-,-,-,-,42.36927,-72.50069,-,-,42.281853,-72.55515,-,-,-,-,-,-
17:22,-,-,-,-,-,-,-,-,42.37054,-72.499084,-,-,42.276684,-72.564095,-,-,-,-,-,-
17:23,-,-,-,-,-,-,-,-,42.36639,-72.492615,-,-,42.267353,-72.56732,-,-,-,-,-,-
17:24,-,-,-,-,-,-,-,-,42.362797,-72.488785,-,-,42.262558,-72.57243,-,-,-,-,-,-
17:25,-,-,-,-,-,-,-,-,42.357876,-72.485374,-,-,42.25812,-72.57347,-,-,-,-,-,-
17:26,-,-,-,-,-,-,-,-,42.3561,-72.48499,-,-,42.259003,-72.574936,-,-,-,-,-,-
17:27,-,-,-,-,-,-,-,-,42.357944,-72.48418,-,-,42.256107,-72.57223,-,-,-,-,-,-
17:28,-,-,-,-,-,-,-,-,42.353863,-72.4796,-,-,42.254223,-72.57415,-,-,-,-,-,-
17:29,-,-,-,-,-,-,-,-,42.353317,-72.47445,-,-,42.254215,-72.57416,-,-,-,-,-,-
17:30,-,-,-,-,-,-,-,-,42.350456,-72.46995,-,-,42.2542,-72.57419,-,-,-,-,-,-
17:31,-,-,-,-,-,-,-,-,42.345097,-72.46649,-,-,42.254208,-72.574135,-,-,-,-,-,-
17:32,-,-,-,-,-,-,-,-,42.343513,-72.46132,-,-,42.254215,-72.57411,-,-,-,-,-,-
17:33,-,-,-,-,-,-,-,-,42.336224,-72.45676,-,-,42.254204,-72.5742,-,-,-,-,-,-
17:34,-,-,-,-,-,-,-,-,42.3295,-72.4479,-,-,42.254147,-72.57423,-,-,-,-,-,-
17:35,-,-,-,-,-,-,-,-,42.32482,-72.4362,-,-,42.254215,-72.57419,-,-,-,-,-,-
17:36,-,-,-,-,-,-,-,-,42.320477,-72.42708,-,-,42.254017,-72.57437,-,-,-,-,-,-
17:37,-,-,-,-,-,-,-,-,42.30956,-72.42223,-,-,42.25424,-72.57718,-,-,-,-,-,-
17:38,-,-,-,-,-,-,-,-,42.30095,-72.41794,-,-,42.257725,-72.57588,-,-,-,-,-,-
17:39,-,-,-,-,-,-,-,-,42.29231,-72.41004,-,-,42.258965,-72.57497,-,-,-,-,-,-
17:40,-,-,-,-,-,-,-,-,42.28861,-72.406746,-,-,42.26589,-72.57157,-,-,-,-,-,-
17:41,-,-,-,-,-,-,-,-,42.283566,-72.405815,-,-,42.27122,-72.5657,-,-,-,-,-,-
17:42,-,-,-,-,-,-,-,-,42.27957,-72.402245,-,-,42.2789,-72.559845,-,-,-,-,-,-
17:43,-,-,-,-,-,-,-,-,42.277622,-72.40075,-,-,42.284595,-72.548256,-,-,-,-,-,-
17:44,-,-,-,-,-,-,-,-,42.27698,-72.400925,-,-,42.28918,-72.53541,-,-,-,-,-,-
17:45,-,-,-,-,-,-,-,-,42.282833,-72.40531,-,-,42.29955,-72.52939,-,-,-,-,-,-
17:46,-,-,-,-,-,-,-,-,42.288624,-72.4068,-,-,42.304825,-72.52831,-,-,-,-,-,-
17:47,-,-,-,-,-,-,-,-,42.29257,-72.4103,-,-,42.31074,-72.529884,-,-,-,-,-,-
17:48,-,-,-,-,-,-,-,-,42.299416,-72.41668,-,-,42.319046,-72.528244,-,-,-,-,-,-
17:49,-,-,-,-,-,-,-,-,42.30853,-72.421936,-,-,42.320538,-72.5344,-,-,-,-,-,-
17:50,-,-,-,-,-,-,-,-,42.31976,-72.42695,-,-,42.321754,-72.534225,-,-,-,-,-,-
17:51,-,-,-,-,-,-,-,-,42.32517,-72.4376,-,-,42.322273,-72.52963,-,-,-,-,-,-
17:52,-,-,-,-,-,-,-,-,42.32983,-72.44913,-,-,42.32514,-72.52942,-,-,-,-,-,-
17:53,-,-,-,-,-,-,-,-,42.338688,-72.45755,-,-,42.324966,-72.530785,-,-,-,-,-,-
17:54,-,-,-,-,-,-,-,-,42.343506,-72.46263,-,-,42.32338,-72.52594,-,-,-,-,-,-
17:55,-,-,-,-,-,-,-,-,42.34715,-72.46874,-,-,42.330227,-72.52389,-,-,-,-,-,-
17:56,-,-,-,-,-,-,-,-,42.350727,-72.470245,-,-,42.339424,-72.52042,-,-,-,-,-,-
17:57,-,-,-,-,-,-,-,-,42.3534,-72.4778,-,-,42.342205,-72.52,-,-,-,-,-,-
17:58,-,-,-,-,-,-,-,-,42.356586,-72.482,-,-,42.350773,-72.51997,-,-,-,-,-,-
17:59,-,-,-,-,-,-,-,-,42.3623,-72.48813,-,-,42.358242,-72.52089,-,-,-,-,-,-
18:0,-,-,-,-,-,-,-,-,42.365337,-72.49124,-,-,42.36531,-72.520485,-,-,-,-,-,-
18:1,-,-,-,-,-,-,-,-,42.371326,-72.49849,-,-,42.37227,-72.51948,-,-,-,-,-,-
18:2,-,-,-,-,-,-,-,-,42.36971,-72.4991,-,-,42.37309,-72.51881,-,-,-,-,-,-
18:3,-,-,-,-,-,-,-,-,42.369373,-72.50201,-,-,42.373386,-72.51979,-,-,-,-,-,-
18:4,-,-,-,-,-,-,-,-,42.372635,-72.50127,-,-,42.37528,-72.51969,-,-,-,-,-,-
18:5,-,-,-,-,-,-,-,-,42.373734,-72.501015,-,-,42.377407,-72.519875,-,-,-,-,-,-
18:6,-,-,-,-,-,-,-,-,42.37645,-72.5008,-,-,42.382545,-72.52023,-,-,-,-,-,-
18:7,-,-,-,-,-,-,-,-,42.375767,-72.50715,-,-,42.38591,-72.52224,-,-,-,-,-,-
18:8,-,-,-,-,-,-,-,-,42.375927,-72.51286,-,-,42.38597,-72.52392,-,-,-,-,-,-
18:9,-,-,-,-,-,-,-,-,42.375916,-72.51546,-,-,42.387123,-72.52642,-,-,-,-,-,-
18:10,-,-,-,-,-,-,-,-,42.37571,-72.519684,-,-,42.387127,-72.52631,-,-,-,-,-,-
18:11,-,-,-,-,-,-,-,-,42.376022,-72.51991,-,-,42.386135,-72.526024,-,-,-,-,-,-
18:12,-,-,-,-,-,-,-,-,42.37751,-72.51989,-,-,42.38543,-72.521805,-,-,-,-,-,-
18:13,-,-,-,-,-,-,-,-,42.381386,-72.51925,-,-,42.379425,-72.51972,-,-,-,-,-,-
18:14,-,-,-,-,-,-,-,-,42.38592,-72.52224,-,-,42.376553,-72.51996,-,-,-,-,-,-
18:15,-,-,-,-,-,-,-,-,42.388294,-72.524216,-,-,42.376095,-72.519936,-,-,-,-,-,-
18:16,-,-,-,-,-,-,-,-,42.391155,-72.525246,-,-,42.374405,-72.519806,-,-,-,-,-,-
18:17,-,-,-,-,-,-,-,-,42.39393,-72.52626,-,-,42.372974,-72.51987,-,-,-,-,-,-
18:18,-,-,-,-,-,-,-,-,42.39641,-72.52754,-,-,42.373135,-72.51884,-,-,-,-,-,-
18:19,-,-,-,-,-,-,-,-,42.40374,-72.52938,-,-,42.373123,-72.51882,-,-,-,-,-,-
18:20,-,-,-,-,-,-,-,-,42.40642,-72.530075,-,-,42.373123,-72.51879,-,-,-,-,-,-
18:21,-,-,-,-,-,-,-,-,42.406048,-72.53248,-,-,42.37326,-72.51963,-,-,-,-,-,-
18:22,-,-,-,-,-,-,-,-,42.40579,-72.53253,-,-,42.36721,-72.52021,-,-,-,-,-,-
18:23,-,-,-,-,-,-,-,-,42.40578,-72.532326,-,-,42.362255,-72.52076,-,-,-,-,-,-
18:24,-,-,-,-,-,-,-,-,42.40579,-72.532364,-,-,42.355007,-72.52079,-,-,-,-,-,-
18:25,-,-,-,-,-,-,-,-,42.405838,-72.53245,-,-,42.347607,-72.520195,-,-,-,-,-,-
18:26,-,-,-,-,-,-,-,-,42.405563,-72.532326,-,-,42.34033,-72.52016,-,-,-,-,-,-
18:27,-,-,-,-,-,-,-,-,42.405083,-72.5301,-,-,42.33242,-72.523605,-,-,-,-,-,-
18:28,-,-,-,-,-,-,-,-,42.402946,-72.528885,-,-,42.32329,-72.52518,-,-,-,-,-,-
18:29,-,-,-,-,-,-,-,-,42.395313,-72.52704,-,-,42.325172,-72.53049,-,-,-,-,-,-
18:30,-,-,-,-,-,-,-,-,42.39351,-72.52602,-,-,42.325245,-72.53111,-,-,-,-,-,-
18:31,-,-,-,-,-,-,-,-,42.39216,-72.525444,-,-,42.324997,-72.53048,-,-,-,-,-,-
18:32,-,-,-,-,-,-,-,-,42.388863,-72.52458,-,-,42.322575,-72.5289,-,-,-,-,-,-
18:33,-,-,-,-,-,-,-,-,42.386368,-72.52242,-,-,42.321693,-72.53286,-,-,-,-,-,-
18:34,-,-,-,-,-,-,-,-,42.383263,-72.5207,-,-,42.32108,-72.533646,-,-,-,-,-,-
18:35,-,-,-,-,-,-,-,-,42.380375,-72.519455,-,-,42.32019,-72.53078,-,-,-,-,-,-
18:36,-,-,-,-,-,-,-,-,42.37799,-72.52005,-,-,42.31474,-72.53075,-,-,-,-,-,-
18:37,-,-,-,-,-,-,-,-,42.37608,-72.51992,-,-,42.30646,-72.5305,-,-,-,-,-,-
18:38,-,-,-,-,-,-,-,-,42.375656,-72.5192,-,-,42.29907,-72.5297,-,-,-,-,-,-
18:39,-,-,-,-,-,-,-,-,42.375923,-72.51306,-,-,42.290264,-72.533516,-,-,-,-,-,-
18:40,-,-,-,-,-,-,-,-,42.375786,-72.509605,-,-,42.285225,-72.54608,-,-,-,-,-,-
18:41,-,-,-,-,-,-,-,-,42.376045,-72.502045,-,-,42.280376,-72.55865,-,-,-,-,-,-
18:42,-,-,-,-,-,-,-,-,42.373753,-72.50105,-,-,42.273254,-72.56523,-,-,-,-,-,-
18:43,-,-,-,-,-,-,-,-,42.37077,-72.501724,-,-,42.266594,-72.57053,-,-,-,-,-,-
18:44,-,-,-,-,-,-,-,-,42.370327,-72.499115,-,-,42.259975,-72.57368,-,-,-,-,-,-
18:45,-,-,-,-,-,-,-,-,42.371216,-72.49859,-,-,42.25799,-72.572525,-,-,-,-,-,-
18:46,-,-,-,-,-,-,-,-,42.36944,-72.49642,-,-,42.254803,-72.57309,-,-,-,-,-,-
18:47,-,-,-,-,-,-,-,-,42.36287,-72.488716,-,-,42.25421,-72.574165,-,-,-,-,-,-
18:48,-,-,-,-,-,-,-,-,42.35839,-72.48482,-,-,42.254234,-72.57419,-,-,-,-,-,-
18:49,-,-,-,-,-,-,-,-,42.356045,-72.48495,-,-,42.25418,-72.57417,-,-,-,-,-,-
18:50,-,-,-,-,-,-,-,-,42.358246,-72.48468,-,-,42.25422,-72.57422,-,-,-,-,-,-
18:51,-,-,-,-,-,-,-,-,42.353756,-72.4756,-,-,42.254265,-72.574234,-,-,-,-,-,-
18:52,-,-,-,-,-,-,-,-,42.35359,-72.479095,-,-,42.25437,-72.57429,-,-,-,-,-,-
18:53,-,-,-,-,-,-,-,-,42.354683,-72.48013,-,-,42.254288,-72.57419,-,-,-,-,-,-
18:54,-,-,-,-,-,-,-,-,42.35469,-72.480156,-,-,42.254337,-72.574265,-,-,-,-,-,-
18:55,-,-,-,-,-,-,-,-,42.35478,-72.4802,-,-,42.25434,-72.57427,-,-,-,-,-,-
18:56,-,-,-,-,-,-,-,-,42.354664,-72.480125,-,-,42.253963,-72.57617,-,-,-,-,-,-
18:57,-,-,-,-,-,-,-,-,42.356354,-72.48146,-,-,42.255615,-72.576675,-,-,-,-,-,-
18:58,-,-,-,-,-,-,-,-,42.36317,-72.48889,-,-,42.25848,-72.5756,-,-,-,-,-,-
18:59,-,-,-,-,-,-,-,-,42.36945,-72.49646,-,-,42.264088,-72.57205,-,-,-,-,-,-
19:0,-,-,-,-,-,-,-,-,42.370167,-72.49916,-,-,42.268196,-72.566536,-,-,-,-,-,-
19:1,-,-,-,-,-,-,-,-,42.36934,-72.50175,-,-,42.277405,-72.56289,-,-,-,-,-,-
19:2,-,-,-,-,-,-,-,-,42.371605,-72.50148,-,-,42.282635,-72.553024,-,-,-,-,-,-
19:3,-,-,-,-,-,-,-,-,42.37273,-72.50119,-,-,42.28707,-72.539955,-,-,-,-,-,-
19:4,-,-,-,-,-,-,-,-,42.376316,-72.500565,-,-,42.295177,-72.53113,-,-,-,-,-,-
19:5,-,-,-,-,-,-,-,-,42.37571,-72.50536,-,-,42.305424,-72.52826,-,-,-,-,-,-
19:6,-,-,-,-,-,-,-,-,42.37584,-72.512955,-,-,42.31368,-72.53087,-,-,-,-,-,-
19:7,-,-,-,-,-,-,-,-,42.37566,-72.519516,-,-,42.319756,-72.52909,-,-,-,-,-,-
19:8,-,-,-,-,-,-,-,-,42.37747,-72.519875,-,-,42.32119,-72.53399,-,-,-,-,-,-
19:9,-,-,-,-,-,-,-,-,42.379795,-72.51944,-,-,42.32211,-72.52995,-,-,-,-,-,-
19:10,-,-,-,-,-,-,-,-,42.38447,-72.52132,-,-,42.325066,-72.52874,-,-,-,-,-,-
19:11,-,-,-,-,-,-,-,-,42.387707,-72.52363,-,-,42.325302,-72.53111,-,-,-,-,-,-
19:12,-,-,-,-,-,-,-,-,42.387634,-72.52352,-,-,42.325077,-72.52944,-,-,-,-,-,-
19:13,-,-,-,-,-,-,-,-,42.38897,-72.52463,-,-,42.323284,-72.52474,-,-,-,-,-,-
19:14,-,-,-,-,-,-,-,-,42.392414,-72.5255,-,-,42.333275,-72.523445,-,-,-,-,-,-
19:15,-,-,-,-,-,-,-,-,42.394466,-72.52662,-,-,42.33933,-72.52054,-,-,-,-,-,-
19:16,-,-,-,-,-,-,-,-,42.39999,-72.52792,-,-,42.34074,-72.51986,-,-,-,-,-,-
19:17,-,-,-,-,-,-,-,-,42.403915,-72.529465,-,-,42.34999,-72.519875,-,-,-,-,-,-
19:18,-,-,-,-,-,-,-,-,42.405773,-72.53242,-,-,42.35601,-72.52099,-,-,-,-,-,-
19:19,-,-,-,-,-,-,-,-,42.405712,-72.53242,-,-,42.36528,-72.52049,-,-,-,-,-,-
19:20,-,-,-,-,-,-,-,-,42.405777,-72.532425,-,-,42.37219,-72.51926,-,-,-,-,-,-
19:21,-,-,-,-,-,-,-,-,42.40573,-72.532425,-,-,42.37316,-72.51886,-,-,-,-,-,-
19:22,-,-,-,-,-,-,-,-,42.4057,-72.5324,-,-,42.37323,-72.51964,-,-,-,-,-,-
19:23,-,-,-,-,-,-,-,-,42.405712,-72.53244,-,-,42.37486,-72.51976,-,-,-,-,-,-
19:24,-,-,-,-,-,-,-,-,42.405735,-72.53244,-,-,42.375458,-72.51983,-,-,-,-,-,-
19:25,-,-,-,-,-,-,-,-,42.405735,-72.53245,-,-,42.377487,-72.51985,-,-,-,-,-,-
19:26,-,-,-,-,-,-,-,-,42.405815,-72.53247,-,-,42.381264,-72.51927,-,-,-,-,-,-
19:27,-,-,-,-,-,-,-,-,42.405132,-72.532265,-,-,42.385914,-72.52231,-,-,-,-,-,-
19:28,-,-,-,-,-,-,-,-,42.40506,-72.52977,-,-,42.38729,-72.52603,-,-,-,-,-,-
19:29,-,-,-,-,-,-,-,-,42.3987,-72.52805,-,-,42.38706,-72.52649,-,-,-,-,-,-
19:30,-,-,-,-,-,-,-,-,42.394543,-72.52655,-,-,42.387096,-72.52639,-,-,-,-,-,-
19:31,-,-,-,-,-,-,-,-,42.392784,-72.52569,-,-,42.38706,-72.52634,-,-,-,-,-,-
19:32,-,-,-,-,-,-,-,-,42.389587,-72.52476,-,-,42.385654,-72.52404,-,-,-,-,-,-
19:33,-,-,-,-,-,-,-,-,42.386925,-72.52264,-,-,42.38301,-72.52052,-,-,-,-,-,-
19:34,-,-,-,-,-,-,-,-,42.385994,-72.52237,-,-,42.37818,-72.519936,-,-,-,-,-,-
19:35,-,-,-,-,-,-,-,-,42.385994,-72.52237,-,-,42.377697,-72.51995,-,-,-,-,-,-
19:36,-,-,-,-,-,-,-,-,42.385994,-72.52237,-,-,42.37599,-72.51987,-,-,-,-,-,-
19:37,-,-,-,-,-,-,-,-,42.385994,-72.52237,-,-,42.374897,-72.51974,-,-,-,-,-,-
19:38,-,-,-,-,-,-,-,-,42.385994,-72.52237,-,-,42.374332,-72.519905,-,-,-,-,-,-
19:39,-,-,-,-,-,-,-,-,42.385994,-72.52237,-,-,42.372135,-72.519295,-,-,-,-,-,-
19:40,-,-,-,-,-,-,-,-,42.385994,-72.52237,-,-,42.37307,-72.518845,-,-,-,-,-,-
19:41,-,-,-,-,-,-,-,-,42.385994,-72.52237,-,-,42.373337,-72.51956,-,-,-,-,-,-
19:42,-,-,-,-,-,-,-,-,42.385994,-72.52237,-,-,42.368942,-72.519966,-,-,-,-,-,-
19:43,-,-,-,-,-,-,-,-,42.385994,-72.52237,-,-,42.360123,-72.52075,-,-,-,-,-,-
19:44,-,-,-,-,-,-,-,-,42.385994,-72.52237,-,-,42.35502,-72.52075,-,-,-,-,-,-
19:45,-,-,-,-,-,-,-,-,42.385994,-72.52237,-,-,42.348293,-72.52,-,-,-,-,-,-
19:46,-,-,-,-,-,-,-,-,42.385994,-72.52237,-,-,42.34465,-72.52047,-,-,-,-,-,-
19:47,-,-,-,-,-,-,-,-,42.385994,-72.52237,-,-,42.34021,-72.520134,-,-,-,-,-,-
19:48,-,-,-,-,-,-,-,-,42.385994,-72.52237,-,-,42.333424,-72.52352,-,-,-,-,-,-
19:49,-,-,-,-,-,-,-,-,42.385994,-72.52237,-,-,42.32826,-72.524216,-,-,-,-,-,-
19:50,-,-,-,-,-,-,-,-,42.385994,-72.52237,-,-,42.324863,-72.52723,-,-,-,-,-,-
19:51,-,-,-,-,-,-,-,-,42.385994,-72.52237,-,-,42.325314,-72.53097,-,-,-,-,-,-
19:52,-,-,-,-,-,-,-,-,42.385994,-72.52237,-,-,42.325115,-72.53004,-,-,-,-,-,-
19:53,-,-,-,-,-,-,-,-,42.385994,-72.52237,-,-,42.32218,-72.52978,-,-,-,-,-,-
19:54,-,-,-,-,-,-,-,-,42.385994,-72.52237,-,-,42.321125,-72.53428,-,-,-,-,-,-
19:55,-,-,-,-,-,-,-,-,42.385994,-72.52237,-,-,42.321156,-72.53428,-,-,-,-,-,-
19:56,-,-,-,-,-,-,-,-,42.385994,-72.52237,-,-,42.319393,-72.52819,-,-,-,-,-,-
19:57,-,-,-,-,-,-,-,-,42.385994,-72.52237,-,-,42.31392,-72.53089,-,-,-,-,-,-
19:58,-,-,-,-,-,-,-,-,42.385994,-72.52237,-,-,42.306023,-72.52997,-,-,-,-,-,-
19:59,-,-,-,-,-,-,-,-,42.385994,-72.52237,-,-,42.297806,-72.53069,-,-,-,-,-,-
20:0,-,-,-,-,-,-,-,-,42.385994,-72.52237,-,-,42.288826,-72.53659,-,-,-,-,-,-
20:1,-,-,-,-,-,-,-,-,42.385994,-72.52237,-,-,42.284492,-72.54852,-,-,-,-,-,-
20:2,-,-,-,-,-,-,-,-,42.385994,-72.52237,-,-,42.280144,-72.55903,-,-,-,-,-,-
20:3,-,-,-,-,-,-,-,-,42.385994,-72.52237,-,-,42.27292,-72.565285,-,-,-,-,-,-
20:4,-,-,-,-,-,-,-,-,42.385994,-72.52237,-,-,42.266697,-72.5707,-,-,-,-,-,-
20:5,-,-,-,-,-,-,-,-,42.385994,-72.52237,-,-,42.260334,-72.57319,-,-,-,-,-,-
20:6,-,-,-,-,-,-,-,-,42.385994,-72.52237,-,-,42.258053,-72.57282,-,-,-,-,-,-
20:7,-,-,-,-,-,-,-,-,42.385994,-72.52237,-,-,42.256126,-72.572235,-,-,-,-,-,-
20:8,-,-,-,-,-,-,-,-,42.385994,-72.52237,-,-,42.25422,-72.574165,-,-,-,-,-,-
20:9,-,-,-,-,-,-,-,-,42.385994,-72.52237,-,-,-,-,-,-,-,-,-,-
20:10,-,-,-,-,-,-,-,-,42.385994,-72.52237,-,-,-,-,-,-,-,-,-,-
20:11,-,-,-,-,-,-,-,-,42.385994,-72.52237,-,-,-,-,-,-,-,-,-,-
20:12,-,-,-,-,-,-,-,-,42.385994,-72.52237,-,-,-,-,-,-,-,-,-,-
20:13,-,-,-,-,-,-,-,-,42.385994,-72.52237,-,-,-,-,-,-,-,-,-,-
20:14,-,-,-,-,-,-,-,-,42.385994,-72.52237,-,-,-,-,-,-,-,-,-,-
20:15,-,-,-,-,-,-,-,-,42.385994,-72.52237,-,-,42.25418,-72.5741,-,-,-,-,-,-
20:16,-,-,-,-,-,-,-,-,42.385994,-72.52237,-,-,42.25425,-72.57412,-,-,-,-,-,-
20:17,-,-,-,-,-,-,-,-,42.385994,-72.52237,-,-,42.254032,-72.576294,-,-,-,-,-,-
20:18,-,-,-,-,-,-,-,-,42.385994,-72.52237,-,-,42.254272,-72.57715,-,-,-,-,-,-
20:19,-,-,-,-,-,-,-,-,42.385994,-72.52237,-,-,42.25764,-72.575905,-,-,-,-,-,-
20:20,-,-,-,-,-,-,-,-,42.385994,-72.52237,-,-,42.25923,-72.574684,-,-,-,-,-,-
20:21,-,-,-,-,-,-,-,-,42.385994,-72.52237,-,-,42.265957,-72.57162,-,-,-,-,-,-
20:22,-,-,-,-,-,-,-,-,42.385994,-72.52237,-,-,42.272003,-72.5656,-,-,-,-,-,-
20:23,-,-,-,-,-,-,-,-,42.385994,-72.52237,-,-,42.279354,-72.55949,-,-,-,-,-,-
20:24,-,-,-,-,-,-,-,-,42.385994,-72.52237,-,-,42.28374,-72.55027,-,-,-,-,-,-
20:25,-,-,-,-,-,-,-,-,42.385994,-72.52237,-,-,42.288124,-72.53788,-,-,-,-,-,-
20:26,-,-,-,-,-,-,-,-,42.385994,-72.52237,-,-,42.29661,-72.531105,-,-,-,-,-,-
20:27,-,-,-,-,-,-,-,-,42.385994,-72.52237,-,-,42.303062,-72.527626,-,-,-,-,-,-
20:28,-,-,-,-,-,-,-,-,42.385994,-72.52237,-,-,42.31212,-72.53043,-,-,-,-,-,-
20:29,-,-,-,-,-,-,-,-,42.385994,-72.52237,-,-,42.31946,-72.52821,-,-,-,-,-,-
20:30,-,-,-,-,-,-,-,-,42.385994,-72.52237,-,-,42.32172,-72.5342,-,-,-,-,-,-
20:31,-,-,-,-,-,-,-,-,-,-,-,-,42.322235,-72.52966,-,-,-,-,-,-
20:32,-,-,-,-,-,-,-,-,42.385994,-72.52237,-,-,42.325134,-72.53011,-,-,-,-,-,-
20:33,-,-,-,-,-,-,-,-,42.385994,-72.52237,-,-,42.32511,-72.52992,-,-,-,-,-,-
20:34,-,-,-,-,-,-,-,-,42.385994,-72.52237,-,-,42.3233,-72.52497,-,-,-,-,-,-
20:35,-,-,-,-,-,-,-,-,42.385994,-72.52237,-,-,42.33217,-72.52367,-,-,-,-,-,-
20:36,-,-,-,-,-,-,-,-,42.385994,-72.52237,-,-,42.34065,-72.520004,-,-,-,-,-,-
20:37,-,-,-,-,-,-,-,-,42.385994,-72.52237,-,-,42.34673,-72.52037,-,-,-,-,-,-
20:38,-,-,-,-,-,-,-,-,42.385994,-72.52237,-,-,42.354866,-72.52063,-,-,-,-,-,-
20:39,-,-,-,-,-,-,-,-,42.385994,-72.52237,-,-,42.356773,-72.52095,-,-,-,-,-,-
20:40,-,-,-,-,-,-,-,-,42.385994,-72.52237,-,-,42.366623,-72.52027,-,-,-,-,-,-
20:41,-,-,-,-,-,-,-,-,42.385994,-72.52237,-,-,42.372223,-72.51938,-,-,-,-,-,-
20:42,-,-,-,-,-,-,-,-,42.385994,-72.52237,-,-,42.37309,-72.518906,-,-,-,-,-,-
20:43,-,-,-,-,-,-,-,-,42.385994,-72.52237,-,-,42.374683,-72.519806,-,-,-,-,-,-
20:44,-,-,-,-,-,-,-,-,42.385994,-72.52237,-,-,42.375256,-72.519905,-,-,-,-,-,-
20:45,-,-,-,-,-,-,-,-,42.385994,-72.52237,-,-,42.376766,-72.51992,-,-,-,-,-,-
20:46,-,-,-,-,-,-,-,-,42.385994,-72.52237,-,-,42.3798,-72.51956,-,-,-,-,-,-
20:47,-,-,-,-,-,-,-,-,42.385994,-72.52237,-,-,42.38138,-72.5193,-,-,-,-,-,-
20:48,-,-,-,-,-,-,-,-,42.385994,-72.52237,-,-,42.38567,-72.522026,-,-,-,-,-,-
20:49,-,-,-,-,-,-,-,-,42.385994,-72.52237,-,-,42.38693,-72.52569,-,-,-,-,-,-
20:50,-,-,-,-,-,-,-,-,42.385994,-72.52237,-,-,42.387188,-72.5264,-,-,-,-,-,-
20:51,-,-,-,-,-,-,-,-,42.385994,-72.52237,-,-,42.385567,-72.525856,-,-,-,-,-,-
20:52,-,-,-,-,-,-,-,-,42.385994,-72.52237,-,-,42.384197,-72.5212,-,-,-,-,-,-
20:53,-,-,-,-,-,-,-,-,42.385994,-72.52237,-,-,42.378937,-72.519875,-,-,-,-,-,-
20:54,-,-,-,-,-,-,-,-,42.385994,-72.52237,-,-,42.37649,-72.519905,-,-,-,-,-,-
20:55,-,-,-,-,-,-,-,-,42.385994,-72.52237,-,-,42.374035,-72.51982,-,-,-,-,-,-
20:56,-,-,-,-,-,-,-,-,42.385994,-72.52237,-,-,42.372128,-72.51934,-,-,-,-,-,-
20:57,-,-,-,-,-,-,-,-,42.385994,-72.52237,-,-,42.373093,-72.51892,-,-,-,-,-,-
20:58,-,-,-,-,-,-,-,-,42.385994,-72.52237,-,-,42.373158,-72.51887,-,-,-,-,-,-
20:59,-,-,-,-,-,-,-,-,42.385994,-72.52237,-,-,42.373127,-72.51894,-,-,-,-,-,-
21:0,-,-,-,-,-,-,-,-,42.385994,-72.52237,-,-,42.373142,-72.51889,-,-,-,-,-,-
21:1,-,-,-,-,-,-,-,-,42.385994,-72.52237,-,-,42.373123,-72.5199,-,-,-,-,-,-
21:2,-,-,-,-,-,-,-,-,42.385994,-72.52237,-,-,42.36505,-72.52057,-,-,-,-,-,-
21:3,-,-,-,-,-,-,-,-,42.385994,-72.52237,-,-,42.355724,-72.52093,-,-,-,-,-,-
21:4,-,-,-,-,-,-,-,-,42.385994,-72.52237,-,-,42.346806,-72.52041,-,-,-,-,-,-
21:5,-,-,-,-,-,-,-,-,42.385994,-72.52237,-,-,42.34028,-72.52016,-,-,-,-,-,-
21:6,-,-,-,-,-,-,-,-,42.385994,-72.52237,-,-,42.333157,-72.52355,-,-,-,-,-,-
21:7,-,-,-,-,-,-,-,-,42.385994,-72.52237,-,-,42.326775,-72.524414,-,-,-,-,-,-
21:8,-,-,-,-,-,-,-,-,42.385994,-72.52237,-,-,42.32501,-72.52743,-,-,-,-,-,-
21:9,-,-,-,-,-,-,-,-,42.385994,-72.52237,-,-,42.32523,-72.53098,-,-,-,-,-,-
21:10,-,-,-,-,-,-,-,-,42.385994,-72.52237,-,-,42.32526,-72.531,-,-,-,-,-,-
21:11,-,-,-,-,-,-,-,-,42.385994,-72.52237,-,-,42.32535,-72.53097,-,-,-,-,-,-
21:12,-,-,-,-,-,-,-,-,42.385994,-72.52237,-,-,42.325092,-72.529526,-,-,-,-,-,-
21:13,-,-,-,-,-,-,-,-,42.385994,-72.52237,-,-,42.32212,-72.52993,-,-,-,-,-,-
21:14,-,-,-,-,-,-,-,-,42.385994,-72.52237,-,-,42.320644,-72.53438,-,-,-,-,-,-
21:15,-,-,-,-,-,-,-,-,42.385994,-72.52237,-,-,42.319477,-72.52854,-,-,-,-,-,-
21:16,-,-,-,-,-,-,-,-,42.385994,-72.52237,-,-,42.314613,-72.530754,-,-,-,-,-,-
21:17,-,-,-,-,-,-,-,-,42.385994,-72.52237,-,-,42.306072,-72.529915,-,-,-,-,-,-
21:18,-,-,-,-,-,-,-,-,42.385994,-72.52237,-,-,42.297546,-72.53085,-,-,-,-,-,-
21:19,-,-,-,-,-,-,-,-,42.385994,-72.52237,-,-,42.287914,-72.53834,-,-,-,-,-,-
21:20,-,-,-,-,-,-,-,-,42.385994,-72.52237,-,-,42.283577,-72.55069,-,-,-,-,-,-
21:21,-,-,-,-,-,-,-,-,42.385994,-72.52237,-,-,42.278538,-72.56028,-,-,-,-,-,-
21:22,-,-,-,-,-,-,-,-,42.385994,-72.52237,-,-,42.27029,-72.565895,-,-,-,-,-,-
21:23,-,-,-,-,-,-,-,-,42.385994,-72.52237,-,-,42.265537,-72.57179,-,-,-,-,-,-
21:24,-,-,-,-,-,-,-,-,42.385994,-72.52237,-,-,42.259193,-72.57471,-,-,-,-,-,-
21:25,-,-,-,-,-,-,-,-,42.385994,-72.52237,-,-,42.25799,-72.5729,-,-,-,-,-,-
21:26,-,-,-,-,-,-,-,-,42.385994,-72.52237,-,-,42.254543,-72.57325,-,-,-,-,-,-
21:27,-,-,-,-,-,-,-,-,42.385994,-72.52237,-,-,42.254253,-72.574165,-,-,-,-,-,-
21:28,-,-,-,-,-,-,-,-,42.385994,-72.52237,-,-,-,-,-,-,-,-,-,-
21:29,-,-,-,-,-,-,-,-,42.385994,-72.52237,-,-,-,-,-,-,-,-,-,-
21:30,-,-,-,-,-,-,-,-,42.385994,-72.52237,-,-,-,-,-,-,-,-,-,-
21:31,-,-,-,-,-,-,-,-,42.385994,-72.52237,-,-,-,-,-,-,-,-,-,-
21:32,-,-,-,-,-,-,-,-,42.385994,-72.52237,-,-,-,-,-,-,-,-,-,-
21:33,-,-,-,-,-,-,-,-,42.385994,-72.52237,-,-,-,-,-,-,-,-,-,-
21:34,-,-,-,-,-,-,-,-,42.385994,-72.52237,-,-,-,-,-,-,-,-,-,-
21:35,-,-,-,-,-,-,-,-,42.385994,-72.52237,-,-,42.254234,-72.57407,-,-,-,-,-,-
21:36,-,-,-,-,-,-,-,-,42.385994,-72.52237,-,-,42.255882,-72.57658,-,-,-,-,-,-
21:37,-,-,-,-,-,-,-,-,42.385994,-72.52237,-,-,42.257633,-72.57593,-,-,-,-,-,-
21:38,-,-,-,-,-,-,-,-,42.385994,-72.52237,-,-,42.261242,-72.57278,-,-,-,-,-,-
21:39,-,-,-,-,-,-,-,-,42.385994,-72.52237,-,-,42.26655,-72.56826,-,-,-,-,-,-
21:40,-,-,-,-,-,-,-,-,42.385994,-72.52237,-,-,42.27494,-72.56494,-,-,-,-,-,-
21:41,-,-,-,-,-,-,-,-,42.385994,-72.52237,-,-,42.280895,-72.55746,-,-,-,-,-,-
21:42,-,-,-,-,-,-,-,-,42.385994,-72.52237,0.0,-1.8111362E22,42.28547,-72.54506,-,-,-,-,-,-
21:43,-,-,-,-,-,-,-,-,42.385994,-72.52237,0.0,-1.8111362E22,42.29019,-72.53349,-,-,-,-,-,-
21:44,-,-,-,-,-,-,-,-,42.385994,-72.52237,-,-,42.300495,-72.52871,-,-,-,-,-,-
21:45,-,-,-,-,-,-,-,-,42.385994,-72.52237,-,-,42.307056,-72.530945,-,-,-,-,-,-
21:46,-,-,-,-,-,-,-,-,42.385994,-72.52237,-,-,42.31652,-72.53016,-,-,-,-,-,-
21:47,-,-,-,-,-,-,-,-,42.385994,-72.52237,42.387676,-72.52355,42.32024,-72.53218,-,-,-,-,-,-
21:48,-,-,-,-,-,-,-,-,42.385994,-72.52237,42.38754,-72.523544,42.32166,-72.5335,-,-,-,-,-,-
21:49,-,-,-,-,-,-,-,-,42.385994,-72.52237,42.3875,-72.52347,42.32311,-72.52839,-,-,-,-,-,-
21:50,-,-,-,-,-,-,-,-,42.385994,-72.52237,42.388134,-72.5241,42.325283,-72.530945,-,-,-,-,-,-
21:51,-,-,-,-,-,-,-,-,42.385994,-72.52237,42.39207,-72.52558,42.325115,-72.52891,-,-,-,-,-,-
21:52,-,-,-,-,-,-,-,-,42.385994,-72.52237,42.39411,-72.52639,42.323673,-72.52469,-,-,-,-,-,-
21:53,-,-,-,-,-,-,-,-,42.385994,-72.52237,42.40308,-72.52899,42.334255,-72.52339,-,-,-,-,-,-
21:54,-,-,-,-,-,-,-,-,42.385994,-72.52237,42.404125,-72.529655,42.340782,-72.51993,-,-,-,-,-,-
21:55,-,-,-,-,-,-,-,-,42.385994,-72.52237,42.409203,-72.53065,42.347904,-72.52019,-,-,-,-,-,-
21:56,-,-,-,-,-,-,-,-,42.385994,-72.52237,42.409557,-72.534035,42.35642,-72.52099,-,-,-,-,-,-
21:57,-,-,-,-,-,-,-,-,42.385994,-72.52237,42.412457,-72.537476,42.365875,-72.5204,-,-,-,-,-,-
21:58,-,-,-,-,-,-,-,-,42.385994,-72.52237,42.425423,-72.53897,42.372097,-72.519,-,-,-,-,-,-
21:59,-,-,-,-,-,-,-,-,42.385994,-72.52237,42.435745,-72.546486,42.37309,-72.518845,-,-,-,-,-,-
22:0,-,-,-,-,-,-,-,-,42.385994,-72.52237,42.446156,-72.55453,42.373123,-72.51893,-,-,-,-,-,-
22:1,-,-,-,-,-,-,-,-,42.385994,-72.52237,42.4518,-72.563065,42.37326,-72.5197,-,-,-,-,-,-
22:2,-,-,42.393776,-72.53327,-,-,-,-,42.385994,-72.52237,42.455257,-72.56716,42.375988,-72.51998,-,-,-,-,-,-
22:3,-,-,42.392284,-72.53195,-,-,-,-,42.385994,-72.52237,42.46473,-72.574936,42.379227,-72.5199,-,-,-,-,-,-
22:4,-,-,-,-,-,-,-,-,42.385994,-72.52237,42.462,-72.58131,42.38417,-72.5213,-,-,-,-,-,-
22:5,-,-,-,-,-,-,-,-,42.385994,-72.52237,42.457672,-72.58143,42.386795,-72.52568,-,-,-,-,-,-
22:6,-,-,-,-,-,-,-,-,42.385994,-72.52237,42.457718,-72.58143,42.38714,-72.52655,-,-,-,-,-,-
22:7,-,-,-,-,-,-,-,-,42.385994,-72.52237,42.45777,-72.58144,42.387054,-72.52679,-,-,-,-,-,-
22:8,-,-,-,-,-,-,-,-,42.385994,-72.52237,42.457733,-72.58143,42.38705,-72.52644,-,-,-,-,-,-
22:9,-,-,-,-,-,-,-,-,42.385994,-72.52237,42.457737,-72.58142,42.38703,-72.52656,-,-,-,-,-,-
22:10,-,-,-,-,-,-,-,-,42.385994,-72.52237,42.457653,-72.5814,42.387016,-72.526436,-,-,-,-,-,-
22:11,-,-,-,-,-,-,-,-,42.385994,-72.52237,42.457733,-72.58143,42.38534,-72.525795,-,-,-,-,-,-
22:12,-,-,-,-,-,-,-,-,42.385994,-72.52237,42.457615,-72.58135,42.384727,-72.521484,-,-,-,-,-,-
22:13,-,-,-,-,-,-,-,-,42.385994,-72.52237,42.45988,-72.58196,42.379917,-72.519554,-,-,-,-,-,-
22:14,-,-,-,-,-,-,-,-,42.385994,-72.52237,42.45832,-72.572266,42.37763,-72.51988,-,-,-,-,-,-
22:15,-,-,-,-,-,-,-,-,42.385994,-72.52237,42.451717,-72.56306,42.374496,-72.51989,-,-,-,-,-,-
22:16,-,-,-,-,-,-,-,-,42.385994,-72.52237,42.450123,-72.56064,42.372406,-72.51978,-,-,-,-,-,-
22:17,-,-,-,-,-,-,-,-,42.385994,-72.52237,42.44216,-72.55144,42.37331,-72.518936,-,-,-,-,-,-
22:18,-,-,-,-,-,-,-,-,42.385994,-72.52237,42.430397,-72.542755,42.373207,-72.51885,-,-,-,-,-,-
22:19,-,-,-,-,-,-,-,-,42.385994,-72.52237,42.417416,-72.53684,42.373165,-72.51887,-,-,-,-,-,-
22:20,-,-,-,-,-,-,-,-,42.385994,-72.52237,42.40887,-72.537865,42.3732,-72.518845,-,-,-,-,-,-
22:21,-,-,-,-,-,-,-,-,42.385994,-72.52237,42.409657,-72.5334,42.373306,-72.51967,-,-,-,-,-,-
22:22,-,-,-,-,-,-,-,-,42.385994,-72.52237,42.409027,-72.530685,42.367207,-72.52018,-,-,-,-,-,-
22:23,-,-,-,-,-,-,-,-,42.385994,-72.52237,42.403164,-72.52911,42.35787,-72.52088,-,-,-,-,-,-
22:24,-,-,-,-,-,-,-,-,42.385994,-72.52237,42.395725,-72.52727,42.354713,-72.520645,-,-,-,-,-,-
22:25,-,-,-,-,-,-,-,-,42.385994,-72.52237,42.393383,-72.526054,42.346294,-72.52048,-,-,-,-,-,-
22:26,-,-,-,-,-,-,-,-,42.385994,-72.52237,42.391747,-72.525375,42.340244,-72.52014,-,-,-,-,-,-
22:27,-,-,-,-,-,-,-,-,42.385994,-72.52237,42.38892,-72.52459,42.334667,-72.52334,-,-,-,-,-,-
22:28,-,-,-,-,-,-,-,-,42.385994,-72.52237,42.386513,-72.522354,42.324688,-72.52463,-,-,-,-,-,-
22:29,-,-,-,-,-,-,-,-,42.385994,-72.52237,42.386513,-72.522354,42.325188,-72.52866,-,-,-,-,-,-
22:30,-,-,-,-,-,-,-,-,-,-,42.386513,-72.522354,42.3253,-72.531105,-,-,-,-,-,-
22:31,-,-,-,-,-,-,-,-,42.385994,-72.52237,42.386513,-72.522354,42.32499,-72.53059,-,-,-,-,-,-
22:32,-,-,-,-,-,-,-,-,42.385994,-72.52237,42.386513,-72.522354,42.322254,-72.52965,-,-,-,-,-,-
22:33,-,-,-,-,-,-,-,-,42.385994,-72.52237,42.386513,-72.522354,42.321655,-72.53426,-,-,-,-,-,-
22:34,-,-,-,-,-,-,-,-,42.385994,-72.52237,42.386513,-72.522354,42.31987,-72.52946,-,-,-,-,-,-
22:35,-,-,-,-,-,-,-,-,42.385994,-72.52237,42.386513,-72.522354,42.31527,-72.53063,-,-,-,-,-,-
22:36,-,-,-,-,-,-,-,-,42.385994,-72.52237,42.386513,-72.522354,42.306335,-72.53048,-,-,-,-,-,-
22:37,-,-,-,-,-,-,-,-,42.385994,-72.52237,42.386513,-72.522354,42.297646,-72.53084,-,-,-,-,-,-
22:38,-,-,-,-,-,-,-,-,42.385994,-72.52237,42.386513,-72.522354,42.288586,-72.5371,-,-,-,-,-,-
22:39,-,-,-,-,-,-,-,-,42.385994,-72.52237,42.386513,-72.522354,42.2845,-72.54857,-,-,-,-,-,-
22:40,-,-,-,-,-,-,-,-,42.385994,-72.52237,42.386513,-72.522354,42.280067,-72.55929,-,-,-,-,-,-
22:41,-,-,-,-,-,-,-,-,42.385994,-72.52237,42.386513,-72.522354,42.272884,-72.56541,-,-,-,-,-,-
22:42,-,-,-,-,-,-,-,-,42.385994,-72.52237,42.386513,-72.522354,42.266685,-72.57081,-,-,-,-,-,-
22:43,-,-,-,-,-,-,-,-,42.385994,-72.52237,42.386513,-72.522354,42.260025,-72.57361,-,-,-,-,-,-
22:44,-,-,-,-,-,-,-,-,42.385994,-72.52237,42.386513,-72.522354,42.25795,-72.57296,-,-,-,-,-,-
22:45,-,-,-,-,-,-,-,-,42.385994,-72.52237,42.386513,-72.522354,42.256046,-72.57232,-,-,-,-,-,-
22:46,-,-,-,-,-,-,-,-,42.385994,-72.52237,42.386513,-72.522354,42.254208,-72.57417,-,-,-,-,-,-
22:47,-,-,-,-,-,-,-,-,42.385994,-72.52237,42.386513,-72.522354,-,-,-,-,-,-,-,-
22:48,-,-,-,-,-,-,-,-,42.385994,-72.52237,42.386513,-72.522354,-,-,-,-,-,-,-,-
22:49,-,-,-,-,-,-,-,-,42.385994,-72.52237,42.386513,-72.522354,-,-,-,-,-,-,-,-
22:50,-,-,-,-,-,-,-,-,42.385994,-72.52237,42.386513,-72.522354,-,-,-,-,-,-,-,-
22:51,-,-,-,-,-,-,-,-,42.385994,-72.52237,42.386513,-72.522354,-,-,-,-,-,-,-,-
22:52,-,-,-,-,-,-,-,-,42.385994,-72.52237,42.386513,-72.522354,-,-,-,-,-,-,-,-
22:53,-,-,-,-,-,-,-,-,42.385994,-72.52237,42.386513,-72.522354,-,-,-,-,-,-,-,-
22:54,-,-,-,-,-,-,-,-,42.385994,-72.52237,42.386513,-72.522354,-,-,-,-,-,-,-,-
22:55,-,-,-,-,-,-,-,-,42.385994,-72.52237,42.386513,-72.522354,42.25406,-72.57426,-,-,-,-,-,-
22:56,-,-,-,-,-,-,-,-,42.385994,-72.52237,42.386513,-72.522354,42.253883,-72.57577,-,-,-,-,-,-
22:57,-,-,-,-,-,-,-,-,42.385994,-72.52237,42.386513,-72.522354,42.257423,-72.57594,-,-,-,-,-,-
22:58,-,-,-,-,-,-,-,-,42.385994,-72.52237,42.386513,-72.522354,42.260635,-72.572876,-,-,-,-,-,-
22:59,-,-,-,-,-,-,-,-,42.385994,-72.52237,42.386513,-72.522354,42.2667,-72.569916,-,-,-,-,-,-
23:0,-,-,-,-,-,-,-,-,42.385994,-72.52237,42.386513,-72.522354,42.273167,-72.56522,-,-,-,-,-,-
23:1,-,-,-,-,-,-,-,-,42.385994,-72.52237,42.386513,-72.522354,42.2803,-72.558685,-,-,-,-,-,-
23:2,-,-,-,-,-,-,-,-,42.385994,-72.52237,42.386513,-72.522354,42.284798,-72.547775,-,-,-,-,-,-
23:3,-,-,-,-,-,-,-,-,42.385994,-72.52237,42.386513,-72.522354,42.288967,-72.536285,-,-,-,-,-,-
23:4,-,-,-,-,-,-,-,-,42.385994,-72.52237,42.386513,-72.522354,42.297943,-72.53047,-,-,-,-,-,-
23:5,-,-,-,-,-,-,-,-,42.385994,-72.52237,42.386513,-72.522354,42.306217,-72.529686,-,-,-,-,-,-
23:6,-,-,-,-,-,-,-,-,42.385994,-72.52237,42.386513,-72.522354,42.31379,-72.53072,-,-,-,-,-,-
23:7,-,-,-,-,-,-,-,-,42.385994,-72.52237,42.386513,-72.522354,42.319992,-72.52993,-,-,-,-,-,-
23:8,-,-,-,-,-,-,-,-,42.385994,-72.52237,42.386513,-72.522354,42.321716,-72.53373,-,-,-,-,-,-
23:9,-,-,-,-,-,-,-,-,42.385994,-72.52237,42.386513,-72.522354,42.322094,-72.52957,-,-,-,-,-,-
23:10,-,-,-,-,-,-,-,-,42.385994,-72.52237,42.386513,-72.522354,42.325127,-72.52993,-,-,-,-,-,-
23:11,-,-,-,-,-,-,-,-,42.385994,-72.52237,42.386513,-72.522354,42.325348,-72.53094,-,-,-,-,-,-
23:12,-,-,-,-,-,-,-,-,42.385994,-72.52237,42.386513,-72.522354,42.324963,-72.52714,-,-,-,-,-,-
23:13,-,-,-,-,-,-,-,-,42.385994,-72.52237,42.386513,-72.522354,42.325466,-72.5238,-,-,-,-,-,-
23:14,-,-,-,-,-,-,-,-,42.385994,-72.52237,42.386513,-72.522354,42.3364,-72.52263,-,-,-,-,-,-
23:15,-,-,-,-,-,-,-,-,42.385994,-72.52237,42.386513,-72.522354,42.341125,-72.51991,-,-,-,-,-,-
23:16,-,-,-,-,-,-,-,-,42.385994,-72.52237,42.386513,-72.522354,42.35008,-72.51987,-,-,-,-,-,-
23:17,-,-,-,-,-,-,-,-,42.385994,-72.52237,42.386513,-72.522354,42.355053,-72.52074,-,-,-,-,-,-
23:18,-,-,-,-,-,-,-,-,42.385994,-72.52237,42.386513,-72.522354,42.362015,-72.52073,-,-,-,-,-,-
23:19,-,-,-,-,-,-,-,-,42.385994,-72.52237,42.386513,-72.522354,42.37121,-72.51965,-,-,-,-,-,-
23:20,-,-,-,-,-,-,-,-,42.385994,-72.52237,42.386513,-72.522354,42.373123,-72.51872,-,-,-,-,-,-
23:21,-,-,-,-,-,-,-,-,42.385994,-72.52237,42.386513,-72.522354,42.373257,-72.51952,-,-,-,-,-,-
23:22,-,-,-,-,-,-,-,-,42.385994,-72.52237,42.386513,-72.522354,42.375458,-72.519684,-,-,-,-,-,-
23:23,-,-,-,-,-,-,-,-,42.385994,-72.52237,42.386513,-72.522354,42.377235,-72.51972,-,-,-,-,-,-
23:24,-,-,-,-,-,-,-,-,42.385994,-72.52237,42.386513,-72.522354,42.38056,-72.51935,-,-,-,-,-,-
23:25,-,-,-,-,-,-,-,-,42.385994,-72.52237,42.386513,-72.522354,42.383167,-72.52052,-,-,-,-,-,-
23:26,-,-,-,-,-,-,-,-,42.385994,-72.52237,42.386513,-72.522354,42.38595,-72.524086,-,-,-,-,-,-
23:27,-,-,-,-,-,-,-,-,42.385994,-72.52237,42.386513,-72.522354,42.387173,-72.52638,-,-,-,-,-,-
23:28,-,-,-,-,-,-,-,-,42.385994,-72.52237,42.386513,-72.522354,42.387196,-72.52641,-,-,-,-,-,-
23:29,-,-,-,-,-,-,-,-,42.385994,-72.52237,42.386513,-72.522354,42.387226,-72.52643,-,-,-,-,-,-
23:30,-,-,-,-,-,-,-,-,42.385994,-72.52237,42.386513,-72.522354,42.38727,-72.526344,-,-,-,-,-,-
23:31,-,-,-,-,-,-,-,-,42.385994,-72.52237,42.386513,-72.522354,42.387123,-72.526436,-,-,-,-,-,-
23:32,-,-,-,-,-,-,-,-,42.385994,-72.52237,42.386513,-72.522354,42.385857,-72.52287,-,-,-,-,-,-
23:33,-,-,-,-,-,-,-,-,42.385994,-72.52237,42.386513,-72.522354,42.38282,-72.52051,-,-,-,-,-,-
23:34,-,-,-,-,-,-,-,-,42.385994,-72.52237,42.386513,-72.522354,42.38233,-72.52016,-,-,-,-,-,-
23:35,-,-,-,-,-,-,-,-,42.385994,-72.52237,42.386513,-72.522354,42.377895,-72.519936,-,-,-,-,-,-
23:36,-,-,-,-,-,-,-,-,42.385994,-72.52237,42.386513,-72.522354,42.37593,-72.51984,-,-,-,-,-,-
23:37,-,-,-,-,-,-,-,-,42.385994,-72.52237,42.386513,-72.522354,42.37309,-72.51974,-,-,-,-,-,-
23:38,-,-,-,-,-,-,-,-,42.385994,-72.52237,42.386513,-72.522354,42.373062,-72.51884,-,-,-,-,-,-
23:39,-,-,-,-,-,-,-,-,42.385994,-72.52237,42.386513,-72.522354,42.37304,-72.51886,-,-,-,-,-,-
23:40,-,-,-,-,-,-,-,-,42.385994,-72.52237,42.386513,-72.522354,42.373055,-72.51885,-,-,-,-,-,-
23:41,-,-,-,-,-,-,-,-,42.385994,-72.52237,42.386513,-72.522354,42.37273,-72.519936,-,-,-,-,-,-
23:42,-,-,-,-,-,-,-,-,42.385994,-72.52237,42.386513,-72.522354,42.363853,-72.52069,-,-,-,-,-,-
23:43,-,-,-,-,-,-,-,-,42.385994,-72.52237,42.386513,-72.522354,42.35467,-72.52067,-,-,-,-,-,-
23:44,-,-,-,-,-,-,-,-,42.385994,-72.52237,42.386513,-72.522354,42.34597,-72.520454,-,-,-,-,-,-
23:45,-,-,-,-,-,-,-,-,42.385994,-72.52237,42.386513,-72.522354,42.340263,-72.52013,-,-,-,-,-,-
23:46,-,-,-,-,-,-,-,-,42.385994,-72.52237,42.386513,-72.522354,42.331333,-72.52383,-,-,-,-,-,-
23:47,-,-,-,-,-,-,-,-,42.385994,-72.52237,42.386513,-72.522354,42.3233,-72.525345,-,-,-,-,-,-
23:48,-,-,-,-,-,-,-,-,42.385994,-72.52237,42.386513,-72.522354,42.3253,-72.53083,-,-,-,-,-,-
23:49,-,-,-,-,-,-,-,-,42.385994,-72.52237,42.386513,-72.522354,42.325317,-72.53084,-,-,-,-,-,-
23:50,-,-,-,-,-,-,-,-,42.385994,-72.52237,42.386513,-72.522354,42.325302,-72.53082,-,-,-,-,-,-
23:51,-,-,-,-,-,-,-,-,42.385994,-72.52237,42.386513,-72.522354,42.325054,-72.53123,-,-,-,-,-,-
23:52,-,-,-,-,-,-,-,-,42.385994,-72.52237,42.386513,-72.522354,42.322865,-72.52853,-,-,-,-,-,-
23:53,-,-,-,-,-,-,-,-,42.385994,-72.52237,42.386513,-72.522354,42.321747,-72.534,-,-,-,-,-,-
23:54,-,-,-,-,-,-,-,-,42.385994,-72.52237,42.386513,-72.522354,42.319923,-72.5296,-,-,-,-,-,-
23:55,-,-,-,-,-,-,-,-,42.385994,-72.52237,42.386513,-72.522354,42.31487,-72.530655,-,-,-,-,-,-
23:56,-,-,-,-,-,-,-,-,42.385994,-72.52237,42.386513,-72.522354,42.305923,-72.529724,-,-,-,-,-,-
23:57,-,-,-,-,-,-,-,-,42.385994,-72.52237,42.386513,-72.522354,42.297882,-72.53068,-,-,-,-,-,-
23:58,-,-,-,-,-,-,-,-,42.385994,-72.52237,42.386513,-72.522354,42.288254,-72.53777,-,-,-,-,-,-
23:59,-,-,-,-,-,-,-,-,42.385994,-72.52237,42.386513,-72.522354,42.284298,-72.54892,-,-,-,-,-,-
